site_id,fold,interval_end,actual_kw_import,direct_lgbm_p50_kw_import,direct_lgbm_p80_kw_import,direct_lgbm_p90_kw_import,direct_lgbm_md_risk_score,step,day_of_week,is_daylight,has_solar,light_regime,site_type
1. Load Profile (With Solar Installed) SoL,9,2025-10-30 00:30:00,691.0,679.1364239804798,718.6491476290458,978.9250827628917,0.11216774660539203,1,3,False,True,night,solar
1. Load Profile (With Solar Installed) SoL,9,2025-10-30 01:00:00,680.0,679.1364239804798,718.6491476290458,978.9250827628917,0.11216774660539203,2,3,False,True,night,solar
1. Load Profile (With Solar Installed) SoL,9,2025-10-30 01:30:00,664.0,679.1364239804798,718.6491476290458,978.9250827628917,0.11216774660539203,3,3,False,True,night,solar
1. Load Profile (With Solar Installed) SoL,9,2025-10-30 02:00:00,674.0,679.4570963718159,718.6491476290458,978.9250827628917,0.11216774660539203,4,3,False,True,night,solar
1. Load Profile (With Solar Installed) SoL,9,2025-10-30 02:30:00,627.0,679.1199918784197,718.6491476290458,978.9250827628917,0.11216774660539203,5,3,False,True,night,solar
1. Load Profile (With Solar Installed) SoL,9,2025-10-30 03:00:00,684.0,679.1199918784197,718.6491476290458,978.9250827628917,0.12592666150779183,6,3,False,True,night,solar
1. Load Profile (With Solar Installed) SoL,9,2025-10-30 03:30:00,681.0,679.1199918784197,718.6491476290458,978.9250827628917,0.12592666150779183,7,3,False,True,night,solar
1. Load Profile (With Solar Installed) SoL,9,2025-10-30 04:00:00,681.0,679.1199918784197,718.6491476290458,978.9250827628917,0.12534112025054026,8,3,False,True,night,solar
1. Load Profile (With Solar Installed) SoL,9,2025-10-30 04:30:00,647.0,679.1199918784197,718.6491476290458,978.9250827628917,0.12534112025054026,9,3,False,True,night,solar
1. Load Profile (With Solar Installed) SoL,9,2025-10-30 05:00:00,675.0,679.1199918784197,718.6491476290458,978.9250827628917,0.12534112025054026,10,3,False,True,night,solar
1. Load Profile (With Solar Installed) SoL,9,2025-10-30 05:30:00,683.0,679.1199918784197,718.6491476290458,978.9250827628917,0.12534112025054026,11,3,False,True,night,solar
1. Load Profile (With Solar Installed) SoL,9,2025-10-30 06:00:00,690.0,678.3290704199903,718.6491476290458,978.9250827628917,0.12077723538887769,12,3,True,True,daylight,solar
1. Load Profile (With Solar Installed) SoL,9,2025-10-30 06:30:00,635.0,672.7253742343286,719.5362762985923,978.9250827628917,0.14699565817530247,13,3,True,True,daylight,solar
1. Load Profile (With Solar Installed) SoL,9,2025-10-30 07:00:00,685.0,641.4693968782053,719.5362762985923,978.9250827628917,0.15054412887588536,14,3,True,True,daylight,solar
1. Load Profile (With Solar Installed) SoL,9,2025-10-30 07:30:00,702.0,675.6009285413065,719.5362762985923,978.9250827628917,0.15054412887588536,15,3,True,True,daylight,solar
1. Load Profile (With Solar Installed) SoL,9,2025-10-30 08:00:00,739.0,718.8713643474797,839.8145922845084,978.9250827628917,0.15054412887588536,16,3,True,True,daylight,solar
1. Load Profile (With Solar Installed) SoL,9,2025-10-30 08:30:00,822.0,890.1694256645021,927.064776747651,990.1036847215862,0.286292449675302,17,3,True,True,daylight,solar
1. Load Profile (With Solar Installed) SoL,9,2025-10-30 09:00:00,866.0,892.9933530501103,927.064776747651,990.1036847215862,0.6427281005377611,18,3,True,True,daylight,solar
1. Load Profile (With Solar Installed) SoL,9,2025-10-30 09:30:00,901.0,892.9933530501103,933.6014786466062,990.1036847215862,0.8381140807323489,19,3,True,True,daylight,solar
1. Load Profile (With Solar Installed) SoL,9,2025-10-30 10:00:00,919.0,892.9933530501103,933.6014786466062,990.1036847215862,0.8381140807323489,20,3,True,True,daylight,solar
1. Load Profile (With Solar Installed) SoL,9,2025-10-30 10:30:00,918.0,892.9933530501103,933.6014786466062,990.1036847215862,0.8381140807323489,21,3,True,True,daylight,solar
1. Load Profile (With Solar Installed) SoL,9,2025-10-30 11:00:00,925.0,892.9933530501103,933.6014786466062,990.1036847215862,0.8381140807323489,22,3,True,True,daylight,solar
1. Load Profile (With Solar Installed) SoL,9,2025-10-30 11:30:00,928.0,892.9933530501103,933.6014786466062,990.1036847215862,0.8381140807323489,23,3,True,True,daylight,solar
1. Load Profile (With Solar Installed) SoL,9,2025-10-30 12:00:00,873.0,932.5080874678594,932.5080874678594,990.1036847215862,0.8381140807323489,24,3,True,True,daylight,solar
1. Load Profile (With Solar Installed) SoL,9,2025-10-30 12:30:00,906.0,932.5080874678594,933.6014786466062,990.1036847215862,0.8381140807323489,25,3,True,True,daylight,solar
1. Load Profile (With Solar Installed) SoL,9,2025-10-30 13:00:00,892.0,932.5080874678594,933.6014786466062,990.1036847215862,0.8381140807323489,26,3,True,True,daylight,solar
1. Load Profile (With Solar Installed) SoL,9,2025-10-30 13:30:00,893.0,932.5080874678594,933.6014786466062,990.1036847215862,0.8381140807323489,27,3,True,True,daylight,solar
1. Load Profile (With Solar Installed) SoL,9,2025-10-30 14:00:00,931.0,932.5080874678594,934.4749661391148,990.1036847215862,0.8381140807323489,28,3,True,True,daylight,solar
1. Load Profile (With Solar Installed) SoL,9,2025-10-30 14:30:00,939.0,937.9860221565419,937.9860221565419,990.1036847215862,0.8390932747330188,29,3,True,True,daylight,solar
1. Load Profile (With Solar Installed) SoL,9,2025-10-30 15:00:00,960.0,937.9860221565419,937.9860221565419,990.1036847215862,0.8466272424552996,30,3,True,True,daylight,solar
1. Load Profile (With Solar Installed) SoL,9,2025-10-30 15:30:00,953.0,939.3326115835009,939.3326115835009,990.1036847215862,0.8466272424552996,31,3,True,True,daylight,solar
1. Load Profile (With Solar Installed) SoL,9,2025-10-30 16:00:00,935.0,878.0025123671049,934.4749661391148,989.7595058832452,0.8466272424552996,32,3,True,True,daylight,solar
1. Load Profile (With Solar Installed) SoL,9,2025-10-30 16:30:00,908.0,829.4427551495801,931.6334411190212,978.9250827628917,0.8466272424552996,33,3,True,True,daylight,solar
1. Load Profile (With Solar Installed) SoL,9,2025-10-30 17:00:00,907.0,829.4427551495801,931.6334411190212,978.9250827628917,0.8466272424552996,34,3,True,True,daylight,solar
1. Load Profile (With Solar Installed) SoL,9,2025-10-30 17:30:00,913.0,833.951930821804,931.6334411190212,978.9250827628917,0.8476844319989773,35,3,True,True,daylight,solar
1. Load Profile (With Solar Installed) SoL,9,2025-10-30 18:00:00,857.0,834.7428522802334,931.6334411190212,978.9250827628917,0.6990104843048693,36,3,False,True,night,solar
1. Load Profile (With Solar Installed) SoL,9,2025-10-30 18:30:00,672.0,826.8213660269257,843.5530416783904,978.9250827628917,0.26905335590968105,37,3,False,True,night,solar
1. Load Profile (With Solar Installed) SoL,9,2025-10-30 19:00:00,644.0,826.8213660269257,843.5530416783904,978.9250827628917,0.23343095814123374,38,3,False,True,night,solar
1. Load Profile (With Solar Installed) SoL,9,2025-10-30 19:30:00,647.0,826.8213660269257,843.5530416783904,978.9250827628917,0.23343095814123374,39,3,False,True,night,solar
1. Load Profile (With Solar Installed) SoL,9,2025-10-30 20:00:00,618.0,787.483944256639,787.483944256639,978.9250827628917,0.11216774660539203,40,3,False,True,night,solar
1. Load Profile (With Solar Installed) SoL,9,2025-10-30 20:30:00,497.0,665.9368391741923,739.5441921572208,978.9250827628917,0.11216774660539203,41,3,False,True,night,solar
1. Load Profile (With Solar Installed) SoL,9,2025-10-30 21:00:00,534.0,665.9368391741923,737.1398110384463,978.9250827628917,0.11216774660539203,42,3,False,True,night,solar
1. Load Profile (With Solar Installed) SoL,9,2025-10-30 21:30:00,558.0,636.0114007485332,737.1398110384463,978.9250827628917,0.11216774660539203,43,3,False,True,night,solar
1. Load Profile (With Solar Installed) SoL,9,2025-10-30 22:00:00,573.0,638.1169357462596,737.1398110384463,978.9250827628917,0.11216774660539203,44,3,False,True,night,solar
1. Load Profile (With Solar Installed) SoL,9,2025-10-30 22:30:00,681.0,633.2440152842395,720.4040374081718,978.9250827628917,0.11216774660539203,45,3,False,True,night,solar
1. Load Profile (With Solar Installed) SoL,9,2025-10-30 23:00:00,685.0,642.6280778079209,720.4040374081718,978.9250827628917,0.11216774660539203,46,3,False,True,night,solar
1. Load Profile (With Solar Installed) SoL,9,2025-10-30 23:30:00,678.0,647.0479618785081,720.4040374081718,978.9250827628917,0.11216774660539203,47,3,False,True,night,solar
1. Load Profile (With Solar Installed) SoL,9,2025-10-31 00:00:00,689.0,670.6675944781424,719.2043298572337,978.9250827628917,0.11216774660539203,48,4,False,True,night,solar
1. Load Profile (With Solar Installed) SoL,10,2025-10-31 00:30:00,684.0,678.4501651888858,709.4579380690773,924.9008201781965,0.12315554535555195,1,4,False,True,night,solar
1. Load Profile (With Solar Installed) SoL,10,2025-10-31 01:00:00,676.0,678.4501651888858,709.4579380690773,924.9008201781965,0.12315554535555195,2,4,False,True,night,solar
1. Load Profile (With Solar Installed) SoL,10,2025-10-31 01:30:00,662.0,678.4501651888858,709.4579380690773,924.9008201781965,0.12315554535555195,3,4,False,True,night,solar
1. Load Profile (With Solar Installed) SoL,10,2025-10-31 02:00:00,659.0,677.774131302665,709.4579380690773,924.9008201781965,0.12315554535555195,4,4,False,True,night,solar
1. Load Profile (With Solar Installed) SoL,10,2025-10-31 02:30:00,630.0,677.4704456058231,709.4579380690773,924.9008201781965,0.12315554535555195,5,4,False,True,night,solar
1. Load Profile (With Solar Installed) SoL,10,2025-10-31 03:00:00,690.0,677.4704456058231,709.4579380690773,924.9008201781965,0.1241092715796912,6,4,False,True,night,solar
1. Load Profile (With Solar Installed) SoL,10,2025-10-31 03:30:00,658.0,677.4704456058231,709.4579380690773,924.9008201781965,0.1266266693091363,7,4,False,True,night,solar
1. Load Profile (With Solar Installed) SoL,10,2025-10-31 04:00:00,661.0,677.4704456058231,709.4579380690773,924.9008201781965,0.12646778950580834,8,4,False,True,night,solar
1. Load Profile (With Solar Installed) SoL,10,2025-10-31 04:30:00,645.0,677.4704456058231,709.4579380690773,924.9008201781965,0.12646778950580834,9,4,False,True,night,solar
1. Load Profile (With Solar Installed) SoL,10,2025-10-31 05:00:00,656.0,677.4704456058231,709.4579380690773,924.9008201781965,0.12646778950580834,10,4,False,True,night,solar
1. Load Profile (With Solar Installed) SoL,10,2025-10-31 05:30:00,610.0,677.4704456058231,709.4579380690773,924.9008201781965,0.12646778950580834,11,4,False,True,night,solar
1. Load Profile (With Solar Installed) SoL,10,2025-10-31 06:00:00,606.0,677.4704456058231,709.4579380690773,924.9008201781965,0.12646778950580834,12,4,True,True,daylight,solar
1. Load Profile (With Solar Installed) SoL,10,2025-10-31 06:30:00,607.0,673.6891941986453,712.4031404196937,924.9008201781965,0.15377792734858803,13,4,True,True,daylight,solar
1. Load Profile (With Solar Installed) SoL,10,2025-10-31 07:00:00,635.0,647.240560196806,712.4031404196937,924.9008201781965,0.1575651100139037,14,4,True,True,daylight,solar
1. Load Profile (With Solar Installed) SoL,10,2025-10-31 07:30:00,665.0,754.5650793435062,754.5650793435062,924.9008201781965,0.1575651100139037,15,4,True,True,daylight,solar
1. Load Profile (With Solar Installed) SoL,10,2025-10-31 08:00:00,712.0,783.3932220421732,815.4442453223427,949.4564803945111,0.1575651100139037,16,4,True,True,daylight,solar
1. Load Profile (With Solar Installed) SoL,10,2025-10-31 08:30:00,838.0,831.4556209214561,915.5720745989485,1000.917202120087,0.33608420324534244,17,4,True,True,daylight,solar
1. Load Profile (With Solar Installed) SoL,10,2025-10-31 09:00:00,887.0,929.9174417113509,929.9174417113509,1000.917202120087,0.682852378317601,18,4,True,True,daylight,solar
1. Load Profile (With Solar Installed) SoL,10,2025-10-31 09:30:00,924.0,929.9174417113509,929.9174417113509,1000.917202120087,0.8573345085737836,19,4,True,True,daylight,solar
1. Load Profile (With Solar Installed) SoL,10,2025-10-31 10:00:00,915.0,929.9174417113509,929.9174417113509,1000.917202120087,0.8573345085737836,20,4,True,True,daylight,solar
1. Load Profile (With Solar Installed) SoL,10,2025-10-31 10:30:00,929.0,929.9174417113509,929.9174417113509,1000.917202120087,0.8573345085737836,21,4,True,True,daylight,solar
1. Load Profile (With Solar Installed) SoL,10,2025-10-31 11:00:00,921.0,929.9174417113509,929.9174417113509,1000.917202120087,0.8573345085737836,22,4,True,True,daylight,solar
1. Load Profile (With Solar Installed) SoL,10,2025-10-31 11:30:00,916.0,929.9174417113509,929.9174417113509,1000.917202120087,0.8573345085737836,23,4,True,True,daylight,solar
1. Load Profile (With Solar Installed) SoL,10,2025-10-31 12:00:00,866.0,918.4059856196383,926.3915537940137,1000.917202120087,0.8573345085737836,24,4,True,True,daylight,solar
1. Load Profile (With Solar Installed) SoL,10,2025-10-31 12:30:00,913.0,918.4059856196383,927.949827294702,1000.917202120087,0.8573345085737836,25,4,True,True,daylight,solar
1. Load Profile (With Solar Installed) SoL,10,2025-10-31 13:00:00,909.0,918.4059856196383,927.949827294702,1000.917202120087,0.8573345085737836,26,4,True,True,daylight,solar
1. Load Profile (With Solar Installed) SoL,10,2025-10-31 13:30:00,906.0,918.4059856196383,927.949827294702,1000.917202120087,0.8573345085737836,27,4,True,True,daylight,solar
1. Load Profile (With Solar Installed) SoL,10,2025-10-31 14:00:00,916.0,918.4059856196383,932.0724408682797,1000.917202120087,0.8573345085737836,28,4,True,True,daylight,solar
1. Load Profile (With Solar Installed) SoL,10,2025-10-31 14:30:00,932.0,920.6844605276178,932.0724408682797,1000.917202120087,0.8573345085737836,29,4,True,True,daylight,solar
1. Load Profile (With Solar Installed) SoL,10,2025-10-31 15:00:00,921.0,921.6590098411026,932.0724408682797,1000.917202120087,0.8573345085737836,30,4,True,True,daylight,solar
1. Load Profile (With Solar Installed) SoL,10,2025-10-31 15:30:00,931.0,921.6590098411026,932.0724408682797,1000.917202120087,0.8573345085737836,31,4,True,True,daylight,solar
1. Load Profile (With Solar Installed) SoL,10,2025-10-31 16:00:00,918.0,921.6590098411026,932.0724408682797,992.3929772245349,0.8573345085737836,32,4,True,True,daylight,solar
1. Load Profile (With Solar Installed) SoL,10,2025-10-31 16:30:00,892.0,906.2648455602775,916.8421673438689,924.9008201781965,0.8573345085737836,33,4,True,True,daylight,solar
1. Load Profile (With Solar Installed) SoL,10,2025-10-31 17:00:00,933.0,906.2648455602775,916.8421673438689,924.9008201781965,0.8573345085737836,34,4,True,True,daylight,solar
1. Load Profile (With Solar Installed) SoL,10,2025-10-31 17:30:00,901.0,901.0490448874688,916.8421673438689,924.9008201781965,0.8571818686040044,35,4,True,True,daylight,solar
1. Load Profile (With Solar Installed) SoL,10,2025-10-31 18:00:00,831.0,902.6394064273163,916.8421673438689,924.9008201781965,0.6928586017360324,36,4,False,True,night,solar
1. Load Profile (With Solar Installed) SoL,10,2025-10-31 18:30:00,640.0,824.3057204875363,832.1132168217059,924.9008201781965,0.2070823450483668,37,4,False,True,night,solar
1. Load Profile (With Solar Installed) SoL,10,2025-10-31 19:00:00,635.0,824.3057204875363,829.3515390149731,924.9008201781965,0.2070823450483668,38,4,False,True,night,solar
1. Load Profile (With Solar Installed) SoL,10,2025-10-31 19:30:00,632.0,824.3057204875363,829.3515390149731,924.9008201781965,0.2070823450483668,39,4,False,True,night,solar
1. Load Profile (With Solar Installed) SoL,10,2025-10-31 20:00:00,598.0,696.864934391849,742.1098339230208,924.9008201781965,0.12315554535555195,40,4,False,True,night,solar
1. Load Profile (With Solar Installed) SoL,10,2025-10-31 20:30:00,512.0,658.5928578757454,728.1229509208496,924.9008201781965,0.12315554535555195,41,4,False,True,night,solar
1. Load Profile (With Solar Installed) SoL,10,2025-10-31 21:00:00,520.0,658.5928578757454,716.8482758713238,924.9008201781965,0.12315554535555195,42,4,False,True,night,solar
1. Load Profile (With Solar Installed) SoL,10,2025-10-31 21:30:00,505.0,631.1798808732317,716.8482758713238,924.9008201781965,0.12315554535555195,43,4,False,True,night,solar
1. Load Profile (With Solar Installed) SoL,10,2025-10-31 22:00:00,631.0,630.9753742775064,716.8482758713238,924.9008201781965,0.12315554535555195,44,4,False,True,night,solar
1. Load Profile (With Solar Installed) SoL,10,2025-10-31 22:30:00,667.0,630.9629082254688,712.8680861434754,924.9008201781965,0.12315554535555195,45,4,False,True,night,solar
1. Load Profile (With Solar Installed) SoL,10,2025-10-31 23:00:00,658.0,637.3821189966479,712.8680861434754,924.9008201781965,0.12315554535555195,46,4,False,True,night,solar
1. Load Profile (With Solar Installed) SoL,10,2025-10-31 23:30:00,679.0,637.3821189966479,712.8680861434754,924.9008201781965,0.12315554535555195,47,4,False,True,night,solar
1. Load Profile (With Solar Installed) SoL,10,2025-11-01 00:00:00,702.0,628.3452162341863,713.705839511509,924.9008201781965,0.14549755582933036,48,5,False,True,night,solar
2. Load Profile (No Solar) E,9,2025-05-30 00:30:00,711.0,692.3771559806775,810.9700665104567,990.6137903114742,0.11141128859372999,1,4,False,False,night,non_solar
2. Load Profile (No Solar) E,9,2025-05-30 01:00:00,791.0,692.3771559806775,810.9700665104567,990.6137903114742,0.11141128859372999,2,4,False,False,night,non_solar
2. Load Profile (No Solar) E,9,2025-05-30 01:30:00,744.0,692.3771559806775,810.9700665104567,990.6137903114742,0.11141128859372999,3,4,False,False,night,non_solar
2. Load Profile (No Solar) E,9,2025-05-30 02:00:00,723.0,691.4576178104151,810.9700665104567,990.6137903114742,0.11141128859372999,4,4,False,False,night,non_solar
2. Load Profile (No Solar) E,9,2025-05-30 02:30:00,678.0,691.4576178104151,810.9700665104567,990.6137903114742,0.11141128859372999,5,4,False,False,night,non_solar
2. Load Profile (No Solar) E,9,2025-05-30 03:00:00,689.0,691.4576178104151,810.9700665104567,990.6137903114742,0.11141128859372999,6,4,False,False,night,non_solar
2. Load Profile (No Solar) E,9,2025-05-30 03:30:00,801.0,689.6569565790327,810.9700665104567,990.6137903114742,0.11141128859372999,7,4,False,False,night,non_solar
2. Load Profile (No Solar) E,9,2025-05-30 04:00:00,828.0,689.6569565790327,810.9700665104567,990.6137903114742,0.11141128859372999,8,4,False,False,night,non_solar
2. Load Profile (No Solar) E,9,2025-05-30 04:30:00,807.0,689.6569565790327,810.9700665104567,990.6137903114742,0.11141128859372999,9,4,False,False,night,non_solar
2. Load Profile (No Solar) E,9,2025-05-30 05:00:00,788.0,689.6569565790327,810.9700665104567,990.6137903114742,0.11141128859372999,10,4,False,False,night,non_solar
2. Load Profile (No Solar) E,9,2025-05-30 05:30:00,799.0,689.6569565790327,810.9700665104567,990.6137903114742,0.11141128859372999,11,4,False,False,night,non_solar
2. Load Profile (No Solar) E,9,2025-05-30 06:00:00,856.0,687.7735865868489,810.9700665104567,990.6137903114742,0.11141128859372999,12,4,True,False,daylight,non_solar
2. Load Profile (No Solar) E,9,2025-05-30 06:30:00,826.0,683.5191321033826,810.9700665104567,990.6137903114742,0.11141128859372999,13,4,True,False,daylight,non_solar
2. Load Profile (No Solar) E,9,2025-05-30 07:00:00,793.0,683.5191321033826,810.9700665104567,990.6137903114742,0.11141128859372999,14,4,True,False,daylight,non_solar
2. Load Profile (No Solar) E,9,2025-05-30 07:30:00,730.0,683.5191321033826,810.9700665104567,990.6137903114742,0.11141128859372999,15,4,True,False,daylight,non_solar
2. Load Profile (No Solar) E,9,2025-05-30 08:00:00,881.0,691.3582191804903,810.9700665104567,990.6137903114742,0.11141128859372999,16,4,True,False,daylight,non_solar
2. Load Profile (No Solar) E,9,2025-05-30 08:30:00,954.0,703.1906032918272,822.4968958774595,990.6137903114742,0.11141128859372999,17,4,True,False,daylight,non_solar
2. Load Profile (No Solar) E,9,2025-05-30 09:00:00,875.0,698.5713875087527,822.4968958774595,990.6137903114742,0.11141128859372999,18,4,True,False,daylight,non_solar
2. Load Profile (No Solar) E,9,2025-05-30 09:30:00,770.0,698.5713875087527,822.4968958774595,990.6137903114742,0.11141128859372999,19,4,True,False,daylight,non_solar
2. Load Profile (No Solar) E,9,2025-05-30 10:00:00,883.0,698.5713875087527,822.4968958774595,990.6137903114742,0.11141128859372999,20,4,True,False,daylight,non_solar
2. Load Profile (No Solar) E,9,2025-05-30 10:30:00,929.0,698.5713875087527,822.4968958774595,990.6137903114742,0.11141128859372999,21,4,True,False,daylight,non_solar
2. Load Profile (No Solar) E,9,2025-05-30 11:00:00,759.0,698.5713875087527,822.4968958774595,990.6137903114742,0.11141128859372999,22,4,True,False,daylight,non_solar
2. Load Profile (No Solar) E,9,2025-05-30 11:30:00,639.0,698.5713875087527,822.4968958774595,990.6137903114742,0.11141128859372999,23,4,True,False,daylight,non_solar
2. Load Profile (No Solar) E,9,2025-05-30 12:00:00,645.0,697.4035264911221,822.4968958774595,990.6137903114742,0.11141128859372999,24,4,True,False,daylight,non_solar
2. Load Profile (No Solar) E,9,2025-05-30 12:30:00,632.0,697.4035264911221,822.4968958774595,990.6137903114742,0.11141128859372999,25,4,True,False,daylight,non_solar
2. Load Profile (No Solar) E,9,2025-05-30 13:00:00,643.0,697.4035264911221,822.4968958774595,990.6137903114742,0.11141128859372999,26,4,True,False,daylight,non_solar
2. Load Profile (No Solar) E,9,2025-05-30 13:30:00,599.0,697.4035264911221,822.4968958774595,990.6137903114742,0.11141128859372999,27,4,True,False,daylight,non_solar
2. Load Profile (No Solar) E,9,2025-05-30 14:00:00,606.0,697.4035264911221,822.4968958774595,990.6137903114742,0.11141128859372999,28,4,True,False,daylight,non_solar
2. Load Profile (No Solar) E,9,2025-05-30 14:30:00,603.0,697.4035264911221,822.4968958774595,990.6137903114742,0.11141128859372999,29,4,True,False,daylight,non_solar
2. Load Profile (No Solar) E,9,2025-05-30 15:00:00,616.0,703.6673799911803,822.4968958774595,990.6137903114742,0.11141128859372999,30,4,True,False,daylight,non_solar
2. Load Profile (No Solar) E,9,2025-05-30 15:30:00,604.0,703.6673799911803,822.4968958774595,990.6137903114742,0.11141128859372999,31,4,True,False,daylight,non_solar
2. Load Profile (No Solar) E,9,2025-05-30 16:00:00,593.0,714.6415552966627,822.4968958774595,990.6137903114742,0.11141128859372999,32,4,True,False,daylight,non_solar
2. Load Profile (No Solar) E,9,2025-05-30 16:30:00,594.0,722.9099586098156,837.996436747578,990.6137903114742,0.11141128859372999,33,4,True,False,daylight,non_solar
2. Load Profile (No Solar) E,9,2025-05-30 17:00:00,630.0,722.9099586098156,837.996436747578,990.6137903114742,0.11141128859372999,34,4,True,False,daylight,non_solar
2. Load Profile (No Solar) E,9,2025-05-30 17:30:00,605.0,711.5344718622222,837.996436747578,990.6137903114742,0.11141128859372999,35,4,True,False,daylight,non_solar
2. Load Profile (No Solar) E,9,2025-05-30 18:00:00,684.0,720.0546088910255,837.996436747578,990.6137903114742,0.11141128859372999,36,4,False,False,night,non_solar
2. Load Profile (No Solar) E,9,2025-05-30 18:30:00,671.0,720.0546088910255,837.996436747578,990.6137903114742,0.11141128859372999,37,4,False,False,night,non_solar
2. Load Profile (No Solar) E,9,2025-05-30 19:00:00,731.0,720.0546088910255,837.996436747578,990.6137903114742,0.11141128859372999,38,4,False,False,night,non_solar
2. Load Profile (No Solar) E,9,2025-05-30 19:30:00,727.0,720.0546088910255,837.996436747578,990.6137903114742,0.11141128859372999,39,4,False,False,night,non_solar
2. Load Profile (No Solar) E,9,2025-05-30 20:00:00,714.0,704.1162799666424,814.7624311825414,990.6137903114742,0.11141128859372999,40,4,False,False,night,non_solar
2. Load Profile (No Solar) E,9,2025-05-30 20:30:00,735.0,691.9164067937121,812.0505374446944,990.6137903114742,0.11141128859372999,41,4,False,False,night,non_solar
2. Load Profile (No Solar) E,9,2025-05-30 21:00:00,771.0,696.6018252190273,812.0505374446944,990.6137903114742,0.11141128859372999,42,4,False,False,night,non_solar
2. Load Profile (No Solar) E,9,2025-05-30 21:30:00,787.0,696.6018252190273,812.0505374446944,990.6137903114742,0.11141128859372999,43,4,False,False,night,non_solar
2. Load Profile (No Solar) E,9,2025-05-30 22:00:00,866.0,696.6018252190273,812.0505374446944,990.6137903114742,0.11141128859372999,44,4,False,False,night,non_solar
2. Load Profile (No Solar) E,9,2025-05-30 22:30:00,922.0,696.6018252190273,812.0505374446944,990.6137903114742,0.11141128859372999,45,4,False,False,night,non_solar
2. Load Profile (No Solar) E,9,2025-05-30 23:00:00,671.0,696.6018252190273,812.0505374446944,990.6137903114742,0.11141128859372999,46,4,False,False,night,non_solar
2. Load Profile (No Solar) E,9,2025-05-30 23:30:00,655.0,696.6018252190273,812.0505374446944,990.6137903114742,0.11141128859372999,47,4,False,False,night,non_solar
2. Load Profile (No Solar) E,9,2025-05-31 00:00:00,719.0,702.3424251591532,803.4147193470517,990.6137903114742,0.10794569963142159,48,5,False,False,night,non_solar
2. Load Profile (No Solar) E,10,2025-05-31 00:30:00,859.0,708.6075323111069,803.8168244854181,989.6990989772846,0.10733641662711335,1,5,False,False,night,non_solar
2. Load Profile (No Solar) E,10,2025-05-31 01:00:00,669.0,708.6075323111069,803.8168244854181,989.6990989772846,0.10733641662711335,2,5,False,False,night,non_solar
2. Load Profile (No Solar) E,10,2025-05-31 01:30:00,570.0,708.6075323111069,803.8168244854181,989.6990989772846,0.10733641662711335,3,5,False,False,night,non_solar
2. Load Profile (No Solar) E,10,2025-05-31 02:00:00,551.0,708.6075323111069,803.8168244854181,989.6990989772846,0.10733641662711335,4,5,False,False,night,non_solar
2. Load Profile (No Solar) E,10,2025-05-31 02:30:00,546.0,708.6075323111069,803.8168244854181,989.6990989772846,0.10733641662711335,5,5,False,False,night,non_solar
2. Load Profile (No Solar) E,10,2025-05-31 03:00:00,662.0,708.6075323111069,803.8168244854181,989.6990989772846,0.10733641662711335,6,5,False,False,night,non_solar
2. Load Profile (No Solar) E,10,2025-05-31 03:30:00,681.0,708.6075323111069,803.8168244854181,989.6990989772846,0.10733641662711335,7,5,False,False,night,non_solar
2. Load Profile (No Solar) E,10,2025-05-31 04:00:00,702.0,708.6075323111069,803.8168244854181,989.6990989772846,0.10733641662711335,8,5,False,False,night,non_solar
2. Load Profile (No Solar) E,10,2025-05-31 04:30:00,677.0,708.6075323111069,803.8168244854181,989.6990989772846,0.10733641662711335,9,5,False,False,night,non_solar
2. Load Profile (No Solar) E,10,2025-05-31 05:00:00,677.0,708.6075323111069,803.8168244854181,989.6990989772846,0.10733641662711335,10,5,False,False,night,non_solar
2. Load Profile (No Solar) E,10,2025-05-31 05:30:00,703.0,708.6075323111069,803.8168244854181,989.6990989772846,0.10733641662711335,11,5,False,False,night,non_solar
2. Load Profile (No Solar) E,10,2025-05-31 06:00:00,686.0,708.6075323111069,803.8168244854181,989.6990989772846,0.10733641662711335,12,5,True,False,daylight,non_solar
2. Load Profile (No Solar) E,10,2025-05-31 06:30:00,800.0,708.6075323111069,803.8168244854181,989.6990989772846,0.10733641662711335,13,5,True,False,daylight,non_solar
2. Load Profile (No Solar) E,10,2025-05-31 07:00:00,920.0,709.1408304251205,803.8168244854181,989.6990989772846,0.10733641662711335,14,5,True,False,daylight,non_solar
2. Load Profile (No Solar) E,10,2025-05-31 07:30:00,853.0,709.1408304251205,803.8168244854181,989.6990989772846,0.10733641662711335,15,5,True,False,daylight,non_solar
2. Load Profile (No Solar) E,10,2025-05-31 08:00:00,802.0,709.1408304251205,803.8168244854181,989.6990989772846,0.10733641662711335,16,5,True,False,daylight,non_solar
2. Load Profile (No Solar) E,10,2025-05-31 08:30:00,825.0,709.1408304251205,807.766103462469,989.6990989772846,0.10733641662711335,17,5,True,False,daylight,non_solar
2. Load Profile (No Solar) E,10,2025-05-31 09:00:00,914.0,709.1408304251205,807.766103462469,989.6990989772846,0.10733641662711335,18,5,True,False,daylight,non_solar
2. Load Profile (No Solar) E,10,2025-05-31 09:30:00,892.0,709.1408304251205,807.766103462469,989.6990989772846,0.10733641662711335,19,5,True,False,daylight,non_solar
2. Load Profile (No Solar) E,10,2025-05-31 10:00:00,787.0,709.1408304251205,807.766103462469,989.6990989772846,0.10733641662711335,20,5,True,False,daylight,non_solar
2. Load Profile (No Solar) E,10,2025-05-31 10:30:00,702.0,709.1408304251205,807.766103462469,989.6990989772846,0.10733641662711335,21,5,True,False,daylight,non_solar
2. Load Profile (No Solar) E,10,2025-05-31 11:00:00,741.0,709.1408304251205,807.766103462469,989.6990989772846,0.10733641662711335,22,5,True,False,daylight,non_solar
2. Load Profile (No Solar) E,10,2025-05-31 11:30:00,639.0,709.1408304251205,807.766103462469,989.6990989772846,0.10733641662711335,23,5,True,False,daylight,non_solar
2. Load Profile (No Solar) E,10,2025-05-31 12:00:00,738.0,709.1408304251205,807.766103462469,989.6990989772846,0.10733641662711335,24,5,True,False,daylight,non_solar
2. Load Profile (No Solar) E,10,2025-05-31 12:30:00,719.0,709.1408304251205,807.766103462469,989.6990989772846,0.10733641662711335,25,5,True,False,daylight,non_solar
2. Load Profile (No Solar) E,10,2025-05-31 13:00:00,711.0,709.1408304251205,807.766103462469,989.6990989772846,0.10733641662711335,26,5,True,False,daylight,non_solar
2. Load Profile (No Solar) E,10,2025-05-31 13:30:00,686.0,709.1408304251205,807.766103462469,989.6990989772846,0.10733641662711335,27,5,True,False,daylight,non_solar
2. Load Profile (No Solar) E,10,2025-05-31 14:00:00,614.0,709.1408304251205,807.766103462469,989.6990989772846,0.10733641662711335,28,5,True,False,daylight,non_solar
2. Load Profile (No Solar) E,10,2025-05-31 14:30:00,753.0,709.1408304251205,807.766103462469,989.6990989772846,0.10733641662711335,29,5,True,False,daylight,non_solar
2. Load Profile (No Solar) E,10,2025-05-31 15:00:00,713.0,709.1408304251205,807.766103462469,989.6990989772846,0.10733641662711335,30,5,True,False,daylight,non_solar
2. Load Profile (No Solar) E,10,2025-05-31 15:30:00,679.0,709.1408304251205,807.766103462469,989.6990989772846,0.10733641662711335,31,5,True,False,daylight,non_solar
2. Load Profile (No Solar) E,10,2025-05-31 16:00:00,637.0,709.1408304251205,807.766103462469,989.6990989772846,0.10733641662711335,32,5,True,False,daylight,non_solar
2. Load Profile (No Solar) E,10,2025-05-31 16:30:00,590.0,709.1408304251205,752.2571783299063,989.6990989772846,0.10733641662711335,33,5,True,False,daylight,non_solar
2. Load Profile (No Solar) E,10,2025-05-31 17:00:00,785.0,709.1408304251205,752.2571783299063,989.6990989772846,0.10733641662711335,34,5,True,False,daylight,non_solar
2. Load Profile (No Solar) E,10,2025-05-31 17:30:00,717.0,708.6075323111069,752.2571783299063,989.6990989772846,0.10733641662711335,35,5,True,False,daylight,non_solar
2. Load Profile (No Solar) E,10,2025-05-31 18:00:00,566.0,708.6075323111069,752.2571783299063,989.6990989772846,0.10733641662711335,36,5,False,False,night,non_solar
2. Load Profile (No Solar) E,10,2025-05-31 18:30:00,575.0,708.6075323111069,753.5492436180567,989.6990989772846,0.10733641662711335,37,5,False,False,night,non_solar
2. Load Profile (No Solar) E,10,2025-05-31 19:00:00,573.0,708.6075323111069,753.5492436180567,989.6990989772846,0.10733641662711335,38,5,False,False,night,non_solar
2. Load Profile (No Solar) E,10,2025-05-31 19:30:00,616.0,708.6075323111069,753.5492436180567,989.6990989772846,0.10733641662711335,39,5,False,False,night,non_solar
2. Load Profile (No Solar) E,10,2025-05-31 20:00:00,611.0,708.6075323111069,801.8680553115771,989.6990989772846,0.10733641662711335,40,5,False,False,night,non_solar
2. Load Profile (No Solar) E,10,2025-05-31 20:30:00,616.0,708.6075323111069,800.7263708588339,989.6990989772846,0.10733641662711335,41,5,False,False,night,non_solar
2. Load Profile (No Solar) E,10,2025-05-31 21:00:00,643.0,708.6075323111069,800.7263708588339,989.6990989772846,0.10733641662711335,42,5,False,False,night,non_solar
2. Load Profile (No Solar) E,10,2025-05-31 21:30:00,837.0,708.6075323111069,800.7263708588339,989.6990989772846,0.10733641662711335,43,5,False,False,night,non_solar
2. Load Profile (No Solar) E,10,2025-05-31 22:00:00,816.0,708.6075323111069,800.7263708588339,989.6990989772846,0.10733641662711335,44,5,False,False,night,non_solar
2. Load Profile (No Solar) E,10,2025-05-31 22:30:00,694.0,708.6075323111069,800.7263708588339,989.6990989772846,0.10733641662711335,45,5,False,False,night,non_solar
2. Load Profile (No Solar) E,10,2025-05-31 23:00:00,645.0,708.6075323111069,800.7263708588339,989.6990989772846,0.10733641662711335,46,5,False,False,night,non_solar
2. Load Profile (No Solar) E,10,2025-05-31 23:30:00,798.0,708.6075323111069,800.7263708588339,989.6990989772846,0.10733641662711335,47,5,False,False,night,non_solar
2. Load Profile (No Solar) E,10,2025-06-01 00:00:00,845.0,708.6075323111069,798.1578328351417,989.6990989772846,0.10733641662711335,48,6,False,False,night,non_solar
3. Load Profile (No Solar) SuN,9,2026-02-27 00:30:00,51.36232,48.96576580220739,53.609047033648295,62.38439860818112,0.10552311725168477,1,4,False,False,night,non_solar
3. Load Profile (No Solar) SuN,9,2026-02-27 01:00:00,52.00744,48.96576580220739,53.609047033648295,62.38439860818112,0.10552311725168477,2,4,False,False,night,non_solar
3. Load Profile (No Solar) SuN,9,2026-02-27 01:30:00,52.09344,48.96576580220739,53.609047033648295,62.38439860818112,0.10552311725168477,3,4,False,False,night,non_solar
3. Load Profile (No Solar) SuN,9,2026-02-27 02:00:00,52.53428,48.96576580220739,53.609047033648295,62.38439860818112,0.10552311725168477,4,4,False,False,night,non_solar
3. Load Profile (No Solar) SuN,9,2026-02-27 02:30:00,51.8354,48.96576580220739,53.609047033648295,62.38439860818112,0.10552311725168477,5,4,False,False,night,non_solar
3. Load Profile (No Solar) SuN,9,2026-02-27 03:00:00,52.84608,48.96576580220739,53.609047033648295,62.38439860818112,0.10552311725168477,6,4,False,False,night,non_solar
3. Load Profile (No Solar) SuN,9,2026-02-27 03:30:00,50.93222,49.00095382325477,53.609047033648295,62.38439860818112,0.10552311725168477,7,4,False,False,night,non_solar
3. Load Profile (No Solar) SuN,9,2026-02-27 04:00:00,50.7387,49.00095382325477,53.609047033648295,62.38439860818112,0.10552311725168477,8,4,False,False,night,non_solar
3. Load Profile (No Solar) SuN,9,2026-02-27 04:30:00,51.51284,49.00095382325477,53.609047033648295,62.38439860818112,0.10552311725168477,9,4,False,False,night,non_solar
3. Load Profile (No Solar) SuN,9,2026-02-27 05:00:00,53.2224,49.00095382325477,53.609047033648295,62.38439860818112,0.10552311725168477,10,4,False,False,night,non_solar
3. Load Profile (No Solar) SuN,9,2026-02-27 05:30:00,50.94298,49.00095382325477,53.609047033648295,62.38439860818112,0.10552311725168477,11,4,False,False,night,non_solar
3. Load Profile (No Solar) SuN,9,2026-02-27 06:00:00,51.5666,49.00095382325477,53.609047033648295,62.38439860818112,0.10552311725168477,12,4,True,False,daylight,non_solar
3. Load Profile (No Solar) SuN,9,2026-02-27 06:30:00,53.86752,49.20864098520383,62.71430877060463,62.71430877060463,0.12522480718205162,13,4,True,False,daylight,non_solar
3. Load Profile (No Solar) SuN,9,2026-02-27 07:00:00,76.9252,50.12591205775246,62.71430877060463,63.22785898530272,0.12522480718205162,14,4,True,False,daylight,non_solar
3. Load Profile (No Solar) SuN,9,2026-02-27 07:30:00,97.32712,59.88859139786802,68.56216442832152,74.92664552711881,0.12522480718205162,15,4,True,False,daylight,non_solar
3. Load Profile (No Solar) SuN,9,2026-02-27 08:00:00,128.6047,93.51730225413066,97.16818524968565,105.59360838342046,0.12522480718205162,16,4,True,False,daylight,non_solar
3. Load Profile (No Solar) SuN,9,2026-02-27 08:30:00,220.8998,137.3437211748668,196.15395168545717,200.67656939210576,0.2337150860130166,17,4,True,False,daylight,non_solar
3. Load Profile (No Solar) SuN,9,2026-02-27 09:00:00,227.351,142.50126888194052,197.7468554000351,204.7876582139525,0.5037770754991754,18,4,True,False,daylight,non_solar
3. Load Profile (No Solar) SuN,9,2026-02-27 09:30:00,234.3292,142.50126888194052,197.7468554000351,204.7876582139525,0.6136002198648619,19,4,True,False,daylight,non_solar
3. Load Profile (No Solar) SuN,9,2026-02-27 10:00:00,241.92,142.50126888194052,197.7468554000351,204.7876582139525,0.6261944730398177,20,4,True,False,daylight,non_solar
3. Load Profile (No Solar) SuN,9,2026-02-27 10:30:00,248.9196,142.50126888194052,197.7468554000351,204.7876582139525,0.6844013497056805,21,4,True,False,daylight,non_solar
3. Load Profile (No Solar) SuN,9,2026-02-27 11:00:00,258.2846,142.50126888194052,197.7468554000351,204.7876582139525,0.7853073384773165,22,4,True,False,daylight,non_solar
3. Load Profile (No Solar) SuN,9,2026-02-27 11:30:00,263.1014,142.50126888194052,197.7468554000351,204.7876582139525,0.7853073384773165,23,4,True,False,daylight,non_solar
3. Load Profile (No Solar) SuN,9,2026-02-27 12:00:00,272.3266,149.87286296637564,197.7468554000351,204.7876582139525,0.7853073384773165,24,4,True,False,daylight,non_solar
3. Load Profile (No Solar) SuN,9,2026-02-27 12:30:00,295.1156,149.87286296637564,197.7468554000351,204.7876582139525,0.7853073384773165,25,4,True,False,daylight,non_solar
3. Load Profile (No Solar) SuN,9,2026-02-27 13:00:00,264.7572,149.87286296637564,197.7468554000351,200.63929491842066,0.7853073384773165,26,4,True,False,daylight,non_solar
3. Load Profile (No Solar) SuN,9,2026-02-27 13:30:00,237.4042,149.87286296637564,197.7468554000351,200.63929491842066,0.7853073384773165,27,4,True,False,daylight,non_solar
3. Load Profile (No Solar) SuN,9,2026-02-27 14:00:00,237.7268,149.87286296637564,197.7468554000351,200.63929491842066,0.7853073384773165,28,4,True,False,daylight,non_solar
3. Load Profile (No Solar) SuN,9,2026-02-27 14:30:00,251.672,148.13367736376904,197.7468554000351,200.63929491842066,0.7853073384773165,29,4,True,False,daylight,non_solar
3. Load Profile (No Solar) SuN,9,2026-02-27 15:00:00,304.7548,148.13367736376904,197.7468554000351,209.90143758371565,0.8118284943625372,30,4,True,False,daylight,non_solar
3. Load Profile (No Solar) SuN,9,2026-02-27 15:30:00,307.905,148.13367736376904,197.7468554000351,209.90143758371565,0.8377402313474712,31,4,True,False,daylight,non_solar
3. Load Profile (No Solar) SuN,9,2026-02-27 16:00:00,304.4,142.59431193919548,197.7468554000351,209.90143758371565,0.8377402313474712,32,4,True,False,daylight,non_solar
3. Load Profile (No Solar) SuN,9,2026-02-27 16:30:00,299.2604,129.35562050076769,195.65885806214888,206.77707958838957,0.8377402313474712,33,4,True,False,daylight,non_solar
3. Load Profile (No Solar) SuN,9,2026-02-27 17:00:00,285.971,127.80611730610788,195.65885806214888,206.77707958838957,0.8377402313474712,34,4,True,False,daylight,non_solar
3. Load Profile (No Solar) SuN,9,2026-02-27 17:30:00,238.1676,133.41668202082136,195.65885806214888,206.77707958838957,0.8377402313474712,35,4,True,False,daylight,non_solar
3. Load Profile (No Solar) SuN,9,2026-02-27 18:00:00,216.556,133.41668202082136,195.65885806214888,200.06599980472342,0.6164505585923237,36,4,False,False,night,non_solar
3. Load Profile (No Solar) SuN,9,2026-02-27 18:30:00,205.4384,116.78297263637984,158.7942210777142,192.99796053595858,0.10552311725168477,37,4,False,False,night,non_solar
3. Load Profile (No Solar) SuN,9,2026-02-27 19:00:00,178.25744,116.18862168181384,157.4735738369353,173.16864711013696,0.10552311725168477,38,4,False,False,night,non_solar
3. Load Profile (No Solar) SuN,9,2026-02-27 19:30:00,104.68148,116.18862168181384,129.21642836795027,142.06593216141493,0.10552311725168477,39,4,False,False,night,non_solar
3. Load Profile (No Solar) SuN,9,2026-02-27 20:00:00,73.44154,85.96459421088124,91.18667994707508,91.18667994707508,0.10552311725168477,40,4,False,False,night,non_solar
3. Load Profile (No Solar) SuN,9,2026-02-27 20:30:00,71.71586,73.83817028945718,80.3839290155775,81.55651739679925,0.10552311725168477,41,4,False,False,night,non_solar
3. Load Profile (No Solar) SuN,9,2026-02-27 21:00:00,69.11924,67.01509294423114,70.90664762283173,79.6777545125904,0.10552311725168477,42,4,False,False,night,non_solar
3. Load Profile (No Solar) SuN,9,2026-02-27 21:30:00,68.59778,60.33457386659285,63.86856852153504,76.63244931898512,0.10552311725168477,43,4,False,False,night,non_solar
3. Load Profile (No Solar) SuN,9,2026-02-27 22:00:00,71.11374,56.237549987995685,62.348548521941545,75.38108499972307,0.10552311725168477,44,4,False,False,night,non_solar
3. Load Profile (No Solar) SuN,9,2026-02-27 22:30:00,62.37236,50.61649280742164,54.50054208303286,62.38439860818112,0.10552311725168477,45,4,False,False,night,non_solar
3. Load Profile (No Solar) SuN,9,2026-02-27 23:00:00,55.8459,49.96643820084873,53.609047033648295,62.38439860818112,0.10552311725168477,46,4,False,False,night,non_solar
3. Load Profile (No Solar) SuN,9,2026-02-27 23:30:00,59.093,50.11436142475706,53.609047033648295,62.38439860818112,0.10552311725168477,47,4,False,False,night,non_solar
3. Load Profile (No Solar) SuN,9,2026-02-28 00:00:00,59.24352,46.866773006304754,53.609047033648295,62.38439860818112,0.10552311725168477,48,5,False,False,night,non_solar
3. Load Profile (No Solar) SuN,10,2026-02-28 00:30:00,56.82432,46.00005036680146,54.32405814441349,62.928665439382726,0.10407787002520374,1,5,False,False,night,non_solar
3. Load Profile (No Solar) SuN,10,2026-02-28 01:00:00,57.60922,46.00005036680146,54.32405814441349,62.928665439382726,0.10407787002520374,2,5,False,False,night,non_solar
3. Load Profile (No Solar) SuN,10,2026-02-28 01:30:00,59.84564,46.00005036680146,54.32405814441349,62.928665439382726,0.10407787002520374,3,5,False,False,night,non_solar
3. Load Profile (No Solar) SuN,10,2026-02-28 02:00:00,59.28654,46.00005036680146,54.32405814441349,62.928665439382726,0.10407787002520374,4,5,False,False,night,non_solar
3. Load Profile (No Solar) SuN,10,2026-02-28 02:30:00,56.79206,46.00005036680146,54.32405814441349,62.928665439382726,0.10407787002520374,5,5,False,False,night,non_solar
3. Load Profile (No Solar) SuN,10,2026-02-28 03:00:00,57.73826,46.00005036680146,54.32405814441349,62.928665439382726,0.10407787002520374,6,5,False,False,night,non_solar
3. Load Profile (No Solar) SuN,10,2026-02-28 03:30:00,59.3188,46.00005036680146,54.32405814441349,62.928665439382726,0.10407787002520374,7,5,False,False,night,non_solar
3. Load Profile (No Solar) SuN,10,2026-02-28 04:00:00,58.5124,46.00005036680146,54.32405814441349,62.928665439382726,0.10407787002520374,8,5,False,False,night,non_solar
3. Load Profile (No Solar) SuN,10,2026-02-28 04:30:00,58.00704,46.00005036680146,54.32405814441349,62.928665439382726,0.10407787002520374,9,5,False,False,night,non_solar
3. Load Profile (No Solar) SuN,10,2026-02-28 05:00:00,60.1252,46.00005036680146,54.32405814441349,62.928665439382726,0.10407787002520374,10,5,False,False,night,non_solar
3. Load Profile (No Solar) SuN,10,2026-02-28 05:30:00,57.67374,46.00005036680146,54.32405814441349,62.928665439382726,0.10407787002520374,11,5,False,False,night,non_solar
3. Load Profile (No Solar) SuN,10,2026-02-28 06:00:00,56.43726,46.00005036680146,54.32405814441349,62.928665439382726,0.10407787002520374,12,5,True,False,daylight,non_solar
3. Load Profile (No Solar) SuN,10,2026-02-28 06:30:00,59.70586,46.00005036680146,65.44712389488468,67.38619663628822,0.10402080943707677,13,5,True,False,daylight,non_solar
3. Load Profile (No Solar) SuN,10,2026-02-28 07:00:00,59.29728,47.93671972257786,65.44712389488468,68.73474084272833,0.10504436242724889,14,5,True,False,daylight,non_solar
3. Load Profile (No Solar) SuN,10,2026-02-28 07:30:00,63.73786,48.305311735461665,69.58595634806272,92.13015613060864,0.10504436242724889,15,5,True,False,daylight,non_solar
3. Load Profile (No Solar) SuN,10,2026-02-28 08:00:00,80.44648,48.305311735461665,68.87270000132102,110.84105412857807,0.10504436242724889,16,5,True,False,daylight,non_solar
3. Load Profile (No Solar) SuN,10,2026-02-28 08:30:00,145.2864,48.50684479518553,52.80246252174869,59.0358354743385,0.11333937101777086,17,5,True,False,daylight,non_solar
3. Load Profile (No Solar) SuN,10,2026-02-28 09:00:00,147.59272,48.50684479518553,52.80246252174869,59.0358354743385,0.11333937101777086,18,5,True,False,daylight,non_solar
3. Load Profile (No Solar) SuN,10,2026-02-28 09:30:00,144.60366,48.50684479518553,52.80246252174869,59.0358354743385,0.11333937101777086,19,5,True,False,daylight,non_solar
3. Load Profile (No Solar) SuN,10,2026-02-28 10:00:00,146.61428,48.50684479518553,52.80246252174869,59.0358354743385,0.11288168435305168,20,5,True,False,daylight,non_solar
3. Load Profile (No Solar) SuN,10,2026-02-28 10:30:00,149.04424,48.50684479518553,52.80246252174869,59.0358354743385,0.11148885254897697,21,5,True,False,daylight,non_solar
3. Load Profile (No Solar) SuN,10,2026-02-28 11:00:00,147.20564,48.50684479518553,52.80246252174869,59.0358354743385,0.12452352034166626,22,5,True,False,daylight,non_solar
3. Load Profile (No Solar) SuN,10,2026-02-28 11:30:00,147.06048,48.50684479518553,52.80246252174869,59.0358354743385,0.12452352034166626,23,5,True,False,daylight,non_solar
3. Load Profile (No Solar) SuN,10,2026-02-28 12:00:00,149.94742,48.50684479518553,52.80246252174869,59.0358354743385,0.12452352034166626,24,5,True,False,daylight,non_solar
3. Load Profile (No Solar) SuN,10,2026-02-28 12:30:00,149.62484,48.50684479518553,52.80246252174869,59.0358354743385,0.12452352034166626,25,5,True,False,daylight,non_solar
3. Load Profile (No Solar) SuN,10,2026-02-28 13:00:00,146.31324,48.50684479518553,52.80246252174869,59.0358354743385,0.12452352034166626,26,5,True,False,daylight,non_solar
3. Load Profile (No Solar) SuN,10,2026-02-28 13:30:00,149.27004,48.50684479518553,52.80246252174869,59.0358354743385,0.12452352034166626,27,5,True,False,daylight,non_solar
3. Load Profile (No Solar) SuN,10,2026-02-28 14:00:00,148.6034,48.50684479518553,52.80246252174869,59.0358354743385,0.12452352034166626,28,5,True,False,daylight,non_solar
3. Load Profile (No Solar) SuN,10,2026-02-28 14:30:00,144.02306,48.50684479518553,52.80246252174869,59.0358354743385,0.12452352034166626,29,5,True,False,daylight,non_solar
3. Load Profile (No Solar) SuN,10,2026-02-28 15:00:00,147.04438,48.50684479518553,52.80246252174869,59.0358354743385,0.12452352034166626,30,5,True,False,daylight,non_solar
3. Load Profile (No Solar) SuN,10,2026-02-28 15:30:00,144.60366,48.50684479518553,52.80246252174869,59.0358354743385,0.12452352034166626,31,5,True,False,daylight,non_solar
3. Load Profile (No Solar) SuN,10,2026-02-28 16:00:00,144.8617,48.50684479518553,52.80246252174869,59.0358354743385,0.12452352034166626,32,5,True,False,daylight,non_solar
3. Load Profile (No Solar) SuN,10,2026-02-28 16:30:00,141.44258,48.305311735461665,66.3010213724811,104.19361442732647,0.12452352034166626,33,5,True,False,daylight,non_solar
3. Load Profile (No Solar) SuN,10,2026-02-28 17:00:00,72.5115,47.93671972257786,66.3010213724811,104.19361442732647,0.12452352034166626,34,5,True,False,daylight,non_solar
3. Load Profile (No Solar) SuN,10,2026-02-28 17:30:00,60.94234,46.00005036680146,66.3010213724811,104.19361442732647,0.11830799963072962,35,5,True,False,daylight,non_solar
3. Load Profile (No Solar) SuN,10,2026-02-28 18:00:00,58.98548,46.00005036680146,66.3010213724811,102.76313398025545,0.10863627867548092,36,5,False,False,night,non_solar
3. Load Profile (No Solar) SuN,10,2026-02-28 18:30:00,59.22202,46.00005036680146,104.30627785944456,104.30627785944456,0.10407787002520374,37,5,False,False,night,non_solar
3. Load Profile (No Solar) SuN,10,2026-02-28 19:00:00,59.23278,46.00005036680146,104.30627785944456,104.30627785944456,0.10407787002520374,38,5,False,False,night,non_solar
3. Load Profile (No Solar) SuN,10,2026-02-28 19:30:00,57.63072,46.00005036680146,75.40887227464239,104.96063140665117,0.10407787002520374,39,5,False,False,night,non_solar
3. Load Profile (No Solar) SuN,10,2026-02-28 20:00:00,59.48008,46.00005036680146,67.50175918625179,82.05389821882012,0.10407787002520374,40,5,False,False,night,non_solar
3. Load Profile (No Solar) SuN,10,2026-02-28 20:30:00,60.22196,46.00005036680146,65.46298896020265,77.37803315708413,0.10407787002520374,41,5,False,False,night,non_solar
3. Load Profile (No Solar) SuN,10,2026-02-28 21:00:00,58.5124,46.00005036680146,64.16460421545104,79.16548690085729,0.10407787002520374,42,5,False,False,night,non_solar
3. Load Profile (No Solar) SuN,10,2026-02-28 21:30:00,57.7705,46.00005036680146,64.15930492210785,77.68744763102718,0.10407787002520374,43,5,False,False,night,non_solar
3. Load Profile (No Solar) SuN,10,2026-02-28 22:00:00,59.48008,46.00005036680146,64.15930492210785,76.7425977615395,0.10407787002520374,44,5,False,False,night,non_solar
3. Load Profile (No Solar) SuN,10,2026-02-28 22:30:00,60.84558,46.00005036680146,55.27744362896803,63.73730635674042,0.10407787002520374,45,5,False,False,night,non_solar
3. Load Profile (No Solar) SuN,10,2026-02-28 23:00:00,58.2651,46.00005036680146,54.32405814441349,62.928665439382726,0.10407787002520374,46,5,False,False,night,non_solar
3. Load Profile (No Solar) SuN,10,2026-02-28 23:30:00,60.23272,46.00005036680146,54.32405814441349,62.928665439382726,0.10407787002520374,47,5,False,False,night,non_solar
3. Load Profile (No Solar) SuN,10,2026-03-01 00:00:00,60.7058,44.83966065462341,54.32405814441349,62.928665439382726,0.10407787002520374,48,6,False,False,night,non_solar
4. Load Profile (With Solar) Mi2,9,2025-12-30 00:30:00,921.0,1058.3730838348376,1320.580600307795,1585.4400606235306,0.4123840299192555,1,1,False,True,night,solar
4. Load Profile (With Solar) Mi2,9,2025-12-30 01:00:00,812.0,1058.3730838348376,1320.580600307795,1585.4400606235306,0.4123840299192555,2,1,False,True,night,solar
4. Load Profile (With Solar) Mi2,9,2025-12-30 01:30:00,974.0,1058.3730838348376,1320.580600307795,1585.4400606235306,0.4123840299192555,3,1,False,True,night,solar
4. Load Profile (With Solar) Mi2,9,2025-12-30 02:00:00,1129.0,1178.164116201951,1320.580600307795,1585.4400606235306,0.4123840299192555,4,1,False,True,night,solar
4. Load Profile (With Solar) Mi2,9,2025-12-30 02:30:00,1284.0,1214.6160899968932,1340.8077951674904,1585.4400606235306,0.5968058276160164,5,1,False,True,night,solar
4. Load Profile (With Solar) Mi2,9,2025-12-30 03:00:00,1163.0,1214.6160899968932,1340.8077951674904,1585.4400606235306,0.5968058276160164,6,1,False,True,night,solar
4. Load Profile (With Solar) Mi2,9,2025-12-30 03:30:00,1142.0,1218.151688984171,1340.8077951674904,1585.4400606235306,0.6179406672469164,7,1,False,True,night,solar
4. Load Profile (With Solar) Mi2,9,2025-12-30 04:00:00,1243.0,1218.151688984171,1340.8077951674904,1585.4400606235306,0.474780963822349,8,1,False,True,night,solar
4. Load Profile (With Solar) Mi2,9,2025-12-30 04:30:00,1195.0,1218.151688984171,1340.8077951674904,1585.4400606235306,0.474780963822349,9,1,False,True,night,solar
4. Load Profile (With Solar) Mi2,9,2025-12-30 05:00:00,1193.0,1218.151688984171,1340.8077951674904,1585.4400606235306,0.474780963822349,10,1,False,True,night,solar
4. Load Profile (With Solar) Mi2,9,2025-12-30 05:30:00,1204.0,1218.151688984171,1340.8077951674904,1585.4400606235306,0.474780963822349,11,1,False,True,night,solar
4. Load Profile (With Solar) Mi2,9,2025-12-30 06:00:00,1050.0,1199.2496923864578,1317.32088063041,1585.4400606235306,0.26108173228635567,12,1,True,True,daylight,solar
4. Load Profile (With Solar) Mi2,9,2025-12-30 06:30:00,866.0,1080.7342826809768,1317.32088063041,1585.4400606235306,0.26108173228635567,13,1,True,True,daylight,solar
4. Load Profile (With Solar) Mi2,9,2025-12-30 07:00:00,1025.0,1105.8754433501606,1317.32088063041,1585.4400606235306,0.26108173228635567,14,1,True,True,daylight,solar
4. Load Profile (With Solar) Mi2,9,2025-12-30 07:30:00,1234.0,1105.8754433501606,1317.32088063041,1585.4400606235306,0.26108173228635567,15,1,True,True,daylight,solar
4. Load Profile (With Solar) Mi2,9,2025-12-30 08:00:00,910.0,1093.0084706779182,1317.32088063041,1585.4400606235306,0.26108173228635567,16,1,True,True,daylight,solar
4. Load Profile (With Solar) Mi2,9,2025-12-30 08:30:00,884.0,1094.73384730842,1321.0420507969711,1585.4400606235306,0.2791191294432954,17,1,True,True,daylight,solar
4. Load Profile (With Solar) Mi2,9,2025-12-30 09:00:00,1056.0,1114.9850178787603,1321.0420507969711,1585.4400606235306,0.35585913656549056,18,1,True,True,daylight,solar
4. Load Profile (With Solar) Mi2,9,2025-12-30 09:30:00,1036.0,1114.9850178787603,1321.0420507969711,1585.4400606235306,0.353232730769321,19,1,True,True,daylight,solar
4. Load Profile (With Solar) Mi2,9,2025-12-30 10:00:00,979.0,1112.047248672844,1321.0420507969711,1585.4400606235306,0.353232730769321,20,1,True,True,daylight,solar
4. Load Profile (With Solar) Mi2,9,2025-12-30 10:30:00,943.0,1112.047248672844,1321.0420507969711,1585.4400606235306,0.353232730769321,21,1,True,True,daylight,solar
4. Load Profile (With Solar) Mi2,9,2025-12-30 11:00:00,829.0,1112.047248672844,1321.0420507969711,1585.4400606235306,0.353232730769321,22,1,True,True,daylight,solar
4. Load Profile (With Solar) Mi2,9,2025-12-30 11:30:00,838.0,1112.047248672844,1321.0420507969711,1585.4400606235306,0.32995353565354224,23,1,True,True,daylight,solar
4. Load Profile (With Solar) Mi2,9,2025-12-30 12:00:00,820.0,1099.8938976321003,1321.0420507969711,1585.4400606235306,0.23354267861026384,24,1,True,True,daylight,solar
4. Load Profile (With Solar) Mi2,9,2025-12-30 12:30:00,750.0,1029.5973223538606,1321.0420507969711,1585.4400606235306,0.24925442779158233,25,1,True,True,daylight,solar
4. Load Profile (With Solar) Mi2,9,2025-12-30 13:00:00,759.0,1029.5973223538606,1321.0420507969711,1585.4400606235306,0.24925442779158233,26,1,True,True,daylight,solar
4. Load Profile (With Solar) Mi2,9,2025-12-30 13:30:00,314.0,1029.5973223538606,1321.0420507969711,1585.4400606235306,0.33433000585177286,27,1,True,True,daylight,solar
4. Load Profile (With Solar) Mi2,9,2025-12-30 14:00:00,536.0,1029.5973223538606,1321.0420507969711,1585.4400606235306,0.33433000585177286,28,1,True,True,daylight,solar
4. Load Profile (With Solar) Mi2,9,2025-12-30 14:30:00,820.0,1086.627168488876,1321.0420507969711,1585.4400606235306,0.3694472399463439,29,1,True,True,daylight,solar
4. Load Profile (With Solar) Mi2,9,2025-12-30 15:00:00,946.0,1140.772889182404,1321.0420507969711,1585.4400606235306,0.3694472399463439,30,1,True,True,daylight,solar
4. Load Profile (With Solar) Mi2,9,2025-12-30 15:30:00,1040.0,1155.657156688572,1321.0420507969711,1585.4400606235306,0.3694472399463439,31,1,True,True,daylight,solar
4. Load Profile (With Solar) Mi2,9,2025-12-30 16:00:00,1092.0,1166.048870097513,1321.0420507969711,1585.4400606235306,0.6512709336854814,32,1,True,True,daylight,solar
4. Load Profile (With Solar) Mi2,9,2025-12-30 16:30:00,1235.0,1245.2449819942608,1458.2787722524977,1585.4400606235306,0.663493638726722,33,1,True,True,daylight,solar
4. Load Profile (With Solar) Mi2,9,2025-12-30 17:00:00,1319.0,1245.2449819942608,1458.2787722524977,1585.4400606235306,0.663493638726722,34,1,True,True,daylight,solar
4. Load Profile (With Solar) Mi2,9,2025-12-30 17:30:00,926.0,1198.839884903989,1458.2787722524977,1585.4400606235306,0.663493638726722,35,1,True,True,daylight,solar
4. Load Profile (With Solar) Mi2,9,2025-12-30 18:00:00,1348.0,1269.715881157447,1458.2787722524977,1585.4400606235306,0.663493638726722,36,1,False,True,night,solar
4. Load Profile (With Solar) Mi2,9,2025-12-30 18:30:00,1425.0,1269.715881157447,1462.8482088655012,1585.4400606235306,0.8226847593811462,37,1,False,True,night,solar
4. Load Profile (With Solar) Mi2,9,2025-12-30 19:00:00,1347.0,1269.715881157447,1461.12143728427,1585.4400606235306,0.8226847593811462,38,1,False,True,night,solar
4. Load Profile (With Solar) Mi2,9,2025-12-30 19:30:00,1366.0,1269.715881157447,1461.12143728427,1585.4400606235306,0.8226847593811462,39,1,False,True,night,solar
4. Load Profile (With Solar) Mi2,9,2025-12-30 20:00:00,1083.0,1198.8387161556002,1344.9126449608061,1585.4400606235306,0.25229475111948246,40,1,False,True,night,solar
4. Load Profile (With Solar) Mi2,9,2025-12-30 20:30:00,1003.0,1187.3969699249676,1346.2525954363603,1585.4400606235306,0.29913552622082523,41,1,False,True,night,solar
4. Load Profile (With Solar) Mi2,9,2025-12-30 21:00:00,1274.0,1253.269072531195,1346.2525954363603,1585.4400606235306,0.6162925731224976,42,1,False,True,night,solar
4. Load Profile (With Solar) Mi2,9,2025-12-30 21:30:00,1359.0,1253.269072531195,1363.4844494341214,1585.4400606235306,0.6162925731224976,43,1,False,True,night,solar
4. Load Profile (With Solar) Mi2,9,2025-12-30 22:00:00,1372.0,1256.5383744549918,1363.4844494341214,1585.4400606235306,0.6162925731224976,44,1,False,True,night,solar
4. Load Profile (With Solar) Mi2,9,2025-12-30 22:30:00,1335.0,1255.2385855297412,1363.4844494341214,1585.4400606235306,0.6162925731224976,45,1,False,True,night,solar
4. Load Profile (With Solar) Mi2,9,2025-12-30 23:00:00,1309.0,1255.2385855297412,1363.4844494341214,1585.4400606235306,0.6162925731224976,46,1,False,True,night,solar
4. Load Profile (With Solar) Mi2,9,2025-12-30 23:30:00,1172.0,1255.2385855297412,1363.4844494341214,1585.4400606235306,0.6034812007417069,47,1,False,True,night,solar
4. Load Profile (With Solar) Mi2,9,2025-12-31 00:00:00,1253.0,1255.2385855297412,1351.7205866975062,1585.4400606235306,0.48443257793199035,48,2,False,True,night,solar
4. Load Profile (With Solar) Mi2,10,2025-12-31 00:30:00,989.0,1092.9081873746563,1334.6131516589844,1579.3425449091721,0.35967714541607937,1,2,False,True,night,solar
4. Load Profile (With Solar) Mi2,10,2025-12-31 01:00:00,789.0,1092.9081873746563,1334.6131516589844,1579.3425449091721,0.35967714541607937,2,2,False,True,night,solar
4. Load Profile (With Solar) Mi2,10,2025-12-31 01:30:00,979.0,1092.9081873746563,1334.6131516589844,1579.3425449091721,0.35967714541607937,3,2,False,True,night,solar
4. Load Profile (With Solar) Mi2,10,2025-12-31 02:00:00,1047.0,1175.5355432767894,1334.6131516589844,1579.3425449091721,0.35967714541607937,4,2,False,True,night,solar
4. Load Profile (With Solar) Mi2,10,2025-12-31 02:30:00,1224.0,1215.2746182359886,1344.9331494667256,1579.3425449091721,0.6148563307582964,5,2,False,True,night,solar
4. Load Profile (With Solar) Mi2,10,2025-12-31 03:00:00,1395.0,1215.2746182359886,1344.9331494667256,1579.3425449091721,0.6148563307582964,6,2,False,True,night,solar
4. Load Profile (With Solar) Mi2,10,2025-12-31 03:30:00,1301.0,1212.0994853515097,1344.9331494667256,1579.3425449091721,0.622715097525039,7,2,False,True,night,solar
4. Load Profile (With Solar) Mi2,10,2025-12-31 04:00:00,1276.0,1215.3157442242095,1344.9331494667256,1579.3425449091721,0.491210133746676,8,2,False,True,night,solar
4. Load Profile (With Solar) Mi2,10,2025-12-31 04:30:00,1269.0,1215.3157442242095,1344.9331494667256,1579.3425449091721,0.491210133746676,9,2,False,True,night,solar
4. Load Profile (With Solar) Mi2,10,2025-12-31 05:00:00,1134.0,1215.3157442242095,1344.9331494667256,1579.3425449091721,0.491210133746676,10,2,False,True,night,solar
4. Load Profile (With Solar) Mi2,10,2025-12-31 05:30:00,1259.0,1215.3157442242095,1344.9331494667256,1579.3425449091721,0.491210133746676,11,2,False,True,night,solar
4. Load Profile (With Solar) Mi2,10,2025-12-31 06:00:00,1161.0,1165.6167126574921,1317.3083966260467,1579.3425449091721,0.2351147740724044,12,2,True,True,daylight,solar
4. Load Profile (With Solar) Mi2,10,2025-12-31 06:30:00,815.0,1075.2636674427922,1317.3083966260467,1579.3425449091721,0.2351147740724044,13,2,True,True,daylight,solar
4. Load Profile (With Solar) Mi2,10,2025-12-31 07:00:00,951.0,1100.1245982454407,1317.3083966260467,1579.3425449091721,0.26836782687437866,14,2,True,True,daylight,solar
4. Load Profile (With Solar) Mi2,10,2025-12-31 07:30:00,1047.0,1100.1245982454407,1317.3083966260467,1579.3425449091721,0.26836782687437866,15,2,True,True,daylight,solar
4. Load Profile (With Solar) Mi2,10,2025-12-31 08:00:00,910.0,1091.250249525224,1317.3083966260467,1579.3425449091721,0.26836782687437866,16,2,True,True,daylight,solar
4. Load Profile (With Solar) Mi2,10,2025-12-31 08:30:00,900.0,1095.21757786887,1317.1042288408785,1579.3425449091721,0.2905259058705829,17,2,True,True,daylight,solar
4. Load Profile (With Solar) Mi2,10,2025-12-31 09:00:00,975.0,1126.8937340452778,1317.1042288408785,1579.3425449091721,0.3475545818855081,18,2,True,True,daylight,solar
4. Load Profile (With Solar) Mi2,10,2025-12-31 09:30:00,1001.0,1126.8937340452778,1317.1042288408785,1579.3425449091721,0.3695469635739573,19,2,True,True,daylight,solar
4. Load Profile (With Solar) Mi2,10,2025-12-31 10:00:00,1017.0,1114.9640256229795,1317.1042288408785,1579.3425449091721,0.3695469635739573,20,2,True,True,daylight,solar
4. Load Profile (With Solar) Mi2,10,2025-12-31 10:30:00,1183.0,1109.2888929310066,1317.1042288408785,1579.3425449091721,0.3695469635739573,21,2,True,True,daylight,solar
4. Load Profile (With Solar) Mi2,10,2025-12-31 11:00:00,788.0,1109.2888929310066,1317.1042288408785,1579.3425449091721,0.3695469635739573,22,2,True,True,daylight,solar
4. Load Profile (With Solar) Mi2,10,2025-12-31 11:30:00,680.0,1101.1521127039628,1317.1042288408785,1579.3425449091721,0.34626327877691676,23,2,True,True,daylight,solar
4. Load Profile (With Solar) Mi2,10,2025-12-31 12:00:00,847.0,1075.2584359275088,1317.1042288408785,1579.3425449091721,0.273317250433052,24,2,True,True,daylight,solar
4. Load Profile (With Solar) Mi2,10,2025-12-31 12:30:00,899.0,1021.3860094960385,1317.1042288408785,1579.3425449091721,0.30006034227320477,25,2,True,True,daylight,solar
4. Load Profile (With Solar) Mi2,10,2025-12-31 13:00:00,687.0,1005.2221244042837,1317.1042288408785,1579.3425449091721,0.30006034227320477,26,2,True,True,daylight,solar
4. Load Profile (With Solar) Mi2,10,2025-12-31 13:30:00,354.0,1005.2221244042837,1317.1042288408785,1579.3425449091721,0.38585066866602746,27,2,True,True,daylight,solar
4. Load Profile (With Solar) Mi2,10,2025-12-31 14:00:00,534.0,1005.2221244042837,1317.1042288408785,1579.3425449091721,0.38585066866602746,28,2,True,True,daylight,solar
4. Load Profile (With Solar) Mi2,10,2025-12-31 14:30:00,805.0,1109.9734463023635,1317.1042288408785,1579.3425449091721,0.38585066866602746,29,2,True,True,daylight,solar
4. Load Profile (With Solar) Mi2,10,2025-12-31 15:00:00,1064.0,1132.5940177336013,1317.1042288408785,1579.3425449091721,0.38585066866602746,30,2,True,True,daylight,solar
4. Load Profile (With Solar) Mi2,10,2025-12-31 15:30:00,1038.0,1165.5072446744316,1317.1042288408785,1579.3425449091721,0.38585066866602746,31,2,True,True,daylight,solar
4. Load Profile (With Solar) Mi2,10,2025-12-31 16:00:00,1082.0,1169.8685194938055,1317.1042288408785,1579.3425449091721,0.6351721505044485,32,2,True,True,daylight,solar
4. Load Profile (With Solar) Mi2,10,2025-12-31 16:30:00,922.0,1210.0395623156141,1453.1203377425356,1579.3425449091721,0.6956635755024472,33,2,True,True,daylight,solar
4. Load Profile (With Solar) Mi2,10,2025-12-31 17:00:00,910.0,1210.0395623156141,1453.1203377425356,1579.3425449091721,0.6956635755024472,34,2,True,True,daylight,solar
4. Load Profile (With Solar) Mi2,10,2025-12-31 17:30:00,832.0,1151.7321556239776,1453.1203377425356,1579.3425449091721,0.640014106910158,35,2,True,True,daylight,solar
4. Load Profile (With Solar) Mi2,10,2025-12-31 18:00:00,1128.0,1234.5022546868543,1453.1203377425356,1579.3425449091721,0.7057056806694325,36,2,False,True,night,solar
4. Load Profile (With Solar) Mi2,10,2025-12-31 18:30:00,1144.0,1234.5022546868543,1453.1203377425356,1579.3425449091721,0.7965142226849653,37,2,False,True,night,solar
4. Load Profile (With Solar) Mi2,10,2025-12-31 19:00:00,1193.0,1234.5022546868543,1451.6972190927029,1579.3425449091721,0.7965142226849653,38,2,False,True,night,solar
4. Load Profile (With Solar) Mi2,10,2025-12-31 19:30:00,1146.0,1234.5022546868543,1451.6972190927029,1579.3425449091721,0.7965142226849653,39,2,False,True,night,solar
4. Load Profile (With Solar) Mi2,10,2025-12-31 20:00:00,950.0,1189.0094572700823,1351.3143087213084,1579.3425449091721,0.22964511410427427,40,2,False,True,night,solar
4. Load Profile (With Solar) Mi2,10,2025-12-31 20:30:00,917.0,1184.6481824507082,1354.2495994542073,1579.3425449091721,0.3266136116647261,41,2,False,True,night,solar
4. Load Profile (With Solar) Mi2,10,2025-12-31 21:00:00,1144.0,1238.421805114542,1354.2495994542073,1579.3425449091721,0.6281990218164089,42,2,False,True,night,solar
4. Load Profile (With Solar) Mi2,10,2025-12-31 21:30:00,1240.0,1238.421805114542,1366.7534648995506,1579.3425449091721,0.6281990218164089,43,2,False,True,night,solar
4. Load Profile (With Solar) Mi2,10,2025-12-31 22:00:00,1234.0,1238.421805114542,1366.7534648995506,1579.3425449091721,0.6281990218164089,44,2,False,True,night,solar
4. Load Profile (With Solar) Mi2,10,2025-12-31 22:30:00,1281.0,1230.730044416677,1366.7534648995506,1579.3425449091721,0.6281990218164089,45,2,False,True,night,solar
4. Load Profile (With Solar) Mi2,10,2025-12-31 23:00:00,1239.0,1230.730044416677,1366.7534648995506,1579.3425449091721,0.6281990218164089,46,2,False,True,night,solar
4. Load Profile (With Solar) Mi2,10,2025-12-31 23:30:00,1213.0,1230.730044416677,1366.7534648995506,1579.3425449091721,0.6146407050903827,47,2,False,True,night,solar
4. Load Profile (With Solar) Mi2,10,2026-01-01 00:00:00,1154.0,1230.730044416677,1349.6271732056493,1579.3425449091721,0.4237419794529358,48,3,False,True,night,solar
