site_id,fold,model,mae_kw,rmse_kw,mean_error_kw,wape_pct,smape_pct,mape_pct,nrmse_by_median_pct,nrmse_by_peak_pct,peak_precision,peak_recall,peak_f1,peak_false_negative_count,peak_false_positive_count,peak_capture_rate_at_k,md_peak_rank,peak_time_error_intervals,md_abs_error_kw
1. Load Profile (With Solar Installed) SoL,1,direct_hgb,65.63129622253864,111.73834168009087,33.41753987810903,9.6345410076514,10.495487105266736,12.738178382853818,17.243571246927605,12.97774003253088,0.6666666666666666,0.8,0.7272727272727272,1.0,2.0,0.2,18.0,13.0,73.91935439731606
1. Load Profile (With Solar Installed) SoL,1,enhanced,113.93251602737057,157.1388558820478,-56.122619788050166,16.725061989460478,21.61341952988908,18.263845778543068,24.249823438587626,18.250738197682672,0.6,0.6,0.6,2.0,0.0,0.6,3.0,2.0,55.156325966233
1. Load Profile (With Solar Installed) SoL,1,enhanced_late_peak_uplift,113.93251602737057,157.1388558820478,-56.122619788050166,16.725061989460478,21.61341952988908,18.263845778543068,24.249823438587626,18.250738197682672,0.6,0.6,0.6,2.0,0.0,0.6,3.0,2.0,55.156325966233
1. Load Profile (With Solar Installed) SoL,1,enhanced_md_calibrated,113.93251602737057,157.1388558820478,-56.122619788050166,16.725061989460478,21.61341952988908,18.263845778543068,24.249823438587626,18.250738197682672,0.6,0.6,0.6,2.0,0.0,0.6,3.0,2.0,55.156325966233
1. Load Profile (With Solar Installed) SoL,1,enhanced_peak_confirmed,113.93251602737057,157.1388558820478,-56.122619788050166,16.725061989460478,21.61341952988908,18.263845778543068,24.249823438587626,18.250738197682672,0.75,0.6,0.6666666666666665,2.0,0.0,0.4,2.0,2.0,55.156325966233
1. Load Profile (With Solar Installed) SoL,1,enhanced_peak_priority,113.93251602737057,157.1388558820478,-56.122619788050166,16.725061989460478,21.61341952988908,18.263845778543068,24.249823438587626,18.250738197682672,0.5,1.0,0.6666666666666666,0.0,1.0,0.4,2.0,2.0,55.156325966233
1. Load Profile (With Solar Installed) SoL,1,ridge_only,119.47729668974561,155.3997034599457,-59.18502548535924,17.539024530881978,22.05487800786469,19.34399881693629,23.981435719127422,18.048746046451303,0.6,0.6,0.6,2.0,0.0,0.6,4.0,2.0,78.97878172909043
1. Load Profile (With Solar Installed) SoL,1,seasonal,125.01666666666665,187.9526292269766,-75.50416666666668,18.352192794666337,25.654728793735565,19.880305672209634,29.005035374533428,21.829573661669755,0.8,0.8,0.8000000000000002,1.0,0.0,0.6,1.0,0.0,27.799999999999955
1. Load Profile (With Solar Installed) SoL,2,direct_hgb,110.64460689971078,133.4695346956713,-15.700846812671392,15.99103074547187,16.327290884064848,17.263829244356103,20.676922493519957,14.748014883499593,0.16666666666666666,0.2,0.1818181818181818,4.0,5.0,0.0,16.0,6.0,169.18387329745917
1. Load Profile (With Solar Installed) SoL,2,enhanced,23.83405377174601,35.85972947135139,5.028427428878928,3.4446422408882587,3.7154262235039,3.84871671434908,5.5553415137647395,3.962401046558165,1.0,1.0,1.0,0.0,0.0,0.8,5.0,1.0,16.01591915334484
1. Load Profile (With Solar Installed) SoL,2,enhanced_late_peak_uplift,23.83405377174601,35.85972947135139,5.028427428878928,3.4446422408882587,3.7154262235039,3.84871671434908,5.5553415137647395,3.962401046558165,1.0,1.0,1.0,0.0,0.0,0.8,5.0,1.0,16.01591915334484
1. Load Profile (With Solar Installed) SoL,2,enhanced_md_calibrated,32.439646225169525,44.20171165542155,-5.725530607041598,4.688374740479758,4.751444290865131,4.834251167855844,6.847670279693501,4.884167033748238,1.0,1.0,1.0,0.0,2.0,0.4,1.0,0.0,41.70779519021846
1. Load Profile (With Solar Installed) SoL,2,enhanced_peak_confirmed,23.83405377174601,35.85972947135139,5.028427428878928,3.4446422408882587,3.7154262235039,3.84871671434908,5.5553415137647395,3.962401046558165,1.25,1.0,1.1111111111111112,0.0,0.0,0.6,32.0,1.0,16.01591915334484
1. Load Profile (With Solar Installed) SoL,2,enhanced_peak_priority,23.83405377174601,35.85972947135139,5.028427428878928,3.4446422408882587,3.7154262235039,3.84871671434908,5.5553415137647395,3.962401046558165,0.5,1.0,0.6666666666666666,0.0,5.0,0.6,14.0,1.0,16.01591915334484
1. Load Profile (With Solar Installed) SoL,2,ridge_only,36.650011121783784,57.06470821742378,-1.4599024455410152,5.296882252937557,5.594357363048715,5.861693609502602,8.840388569701592,6.30549262070981,1.0,1.0,1.0,0.0,0.0,0.8,4.0,1.0,1.77540399369218
1. Load Profile (With Solar Installed) SoL,2,seasonal,23.529166666666665,30.019389567411256,2.9916666666666494,3.40057810429965,3.5283817866095877,3.58743885425949,4.650563836934355,3.3170596207084264,1.0,1.0,1.0,0.0,2.0,0.4,9.0,3.0,42.20000000000016
1. Load Profile (With Solar Installed) SoL,3,direct_hgb,108.03149752303705,127.4946971976081,-28.904824280319133,15.242987392650514,15.426603551511779,15.651360626910945,19.55440141067609,13.873198824549306,0.2,0.2,0.20000000000000004,4.0,1.0,0.2,17.0,11.0,179.54724006790923
1. Load Profile (With Solar Installed) SoL,3,enhanced,43.991344123524584,56.901963926051934,-21.789290476879348,6.207074040768923,6.557300593340537,6.396594032247338,8.727295080682811,6.191726216110112,0.2,0.2,0.20000000000000004,4.0,1.0,0.2,10.0,7.0,25.497255703056908
1. Load Profile (With Solar Installed) SoL,3,enhanced_late_peak_uplift,43.991344123524584,56.901963926051934,-21.789290476879348,6.207074040768923,6.557300593340537,6.396594032247338,8.727295080682811,6.191726216110112,0.2,0.2,0.20000000000000004,4.0,1.0,0.2,10.0,7.0,25.497255703056908
1. Load Profile (With Solar Installed) SoL,3,enhanced_md_calibrated,47.49683998306657,59.41253760455981,-25.565734015460635,6.701691170190762,6.970658535344358,6.790742853725844,9.112352393337394,6.4649116000609155,0.2,0.2,0.20000000000000004,4.0,1.0,0.2,14.0,7.0,44.3448362950279
1. Load Profile (With Solar Installed) SoL,3,enhanced_peak_confirmed,43.991344123524584,56.901963926051934,-21.789290476879348,6.207074040768923,6.557300593340537,6.396594032247338,8.727295080682811,6.191726216110112,0.5,0.2,0.28571428571428575,4.0,0.0,0.0,24.0,7.0,25.497255703056908
1. Load Profile (With Solar Installed) SoL,3,enhanced_peak_priority,43.991344123524584,56.901963926051934,-21.789290476879348,6.207074040768923,6.557300593340537,6.396594032247338,8.727295080682811,6.191726216110112,0.5,1.0,0.6666666666666666,0.0,3.0,0.2,9.0,7.0,25.497255703056908
1. Load Profile (With Solar Installed) SoL,3,ridge_only,60.14958134964533,79.93228541765875,-29.628642188139725,8.486962887747952,8.790193516081528,8.577184150802546,12.25955297816852,8.697745964924783,0.2,0.2,0.20000000000000004,4.0,1.0,0.2,7.0,7.0,19.513842206556205
1. Load Profile (With Solar Installed) SoL,3,seasonal,40.92083333333333,47.79180543426527,-23.575000000000006,5.773832270201945,6.146953927273598,5.982781536937648,7.330031508322894,5.200414084250846,0.2,0.2,0.20000000000000004,4.0,1.0,0.2,11.0,9.0,43.200000000000045
1. Load Profile (With Solar Installed) SoL,4,direct_hgb,192.44303273796314,218.71535377319498,118.76145535133075,51.630795212242084,55.6154726090654,125.22711705133356,59.192247299917454,34.01482951371617,0.0,0.0,0.0,5.0,5.0,0.0,14.0,4.0,90.21980340585924
1. Load Profile (With Solar Installed) SoL,4,enhanced,245.09384003341006,294.62071051403944,233.8951080403984,65.75654978259283,62.5152758664819,141.90556304709042,79.73496901597821,45.81970614526275,0.0,0.0,0.0,5.0,5.0,0.0,35.0,15.0,153.07701270181985
1. Load Profile (With Solar Installed) SoL,4,enhanced_late_peak_uplift,245.09384003341006,294.62071051403944,233.8951080403984,65.75654978259283,62.5152758664819,141.90556304709042,79.73496901597821,45.81970614526275,0.0,0.0,0.0,5.0,5.0,0.0,35.0,15.0,153.07701270181985
1. Load Profile (With Solar Installed) SoL,4,enhanced_md_calibrated,247.979889112633,298.62259441497673,236.78115711962133,66.5308516986551,62.83601678751371,142.7219777815977,80.81802284573119,46.4420831127491,0.0,0.0,0.0,5.0,5.0,0.0,35.0,15.0,167.41912000156572
1. Load Profile (With Solar Installed) SoL,4,enhanced_peak_confirmed,245.09384003341006,294.62071051403944,233.8951080403984,65.75654978259283,62.5152758664819,141.90556304709042,79.73496901597821,45.81970614526275,0.0,0.0,0.0,5.0,1.0,0.2,15.0,15.0,153.07701270181985
1. Load Profile (With Solar Installed) SoL,4,enhanced_peak_priority,245.09384003341006,294.62071051403944,233.8951080403984,65.75654978259283,62.5152758664819,141.90556304709042,79.73496901597821,45.81970614526275,0.0,0.0,0.0,5.0,10.0,0.0,36.0,15.0,153.07701270181985
1. Load Profile (With Solar Installed) SoL,4,ridge_only,228.97061781418572,274.84659701442155,217.7369041818034,61.4308292162591,60.47115501309512,135.0210450293427,74.38338214192734,42.74441633194736,0.0,0.0,0.0,5.0,5.0,0.0,33.0,15.0,140.98522277170434
1. Load Profile (With Solar Installed) SoL,4,seasonal,261.8931547619047,319.44175217441403,255.46875,70.26366010044954,64.07955296949407,148.16321473722235,86.45243631242599,49.67989924952007,0.0,0.0,0.0,5.0,5.0,0.0,30.0,8.0,188.70000000000005
1. Load Profile (With Solar Installed) SoL,5,direct_hgb,30.30053547798828,32.694385660521306,30.30053547798828,42.82761198302231,34.68268302580078,43.03789799173956,46.37501512130682,43.59251421402841,1.2,0.5454545454545454,0.7499999999999999,5.0,1.0,0.36363636363636365,34.0,41.0,94.88756037695629
1. Load Profile (With Solar Installed) SoL,5,enhanced,174.31623690523193,210.07321995336375,174.31623690523193,246.38337371764234,95.35669688402609,246.95391084885162,297.9761985154095,280.09762660448496,0.4,0.18181818181818182,0.25000000000000006,9.0,0.0,0.18181818181818182,5.0,4.0,360.4858937918754
1. Load Profile (With Solar Installed) SoL,5,enhanced_late_peak_uplift,174.31623690523193,210.07321995336375,174.31623690523193,246.38337371764234,95.35669688402609,246.95391084885162,297.9761985154095,280.09762660448496,0.4,0.18181818181818182,0.25000000000000006,9.0,0.0,0.18181818181818182,5.0,4.0,360.4858937918754
1. Load Profile (With Solar Installed) SoL,5,enhanced_md_calibrated,172.47793383549686,207.06305138803492,172.47793383549686,243.78506549186835,95.13037010497095,244.43247461727472,293.70645586955305,276.0840685173799,0.4,0.18181818181818182,0.25000000000000006,9.0,0.0,0.18181818181818182,5.0,4.0,351.2997379212885
1. Load Profile (With Solar Installed) SoL,5,enhanced_peak_confirmed,174.31623690523193,210.07321995336375,174.31623690523193,246.38337371764234,95.35669688402609,246.95391084885162,297.9761985154095,280.09762660448496,0.0,0.0,0.0,11.0,1.0,0.18181818181818182,8.0,4.0,360.4858937918754
1. Load Profile (With Solar Installed) SoL,5,enhanced_peak_priority,174.31623690523193,210.07321995336375,174.31623690523193,246.38337371764234,95.35669688402609,246.95391084885162,297.9761985154095,280.09762660448496,0.2,0.18181818181818182,0.1904761904761905,9.0,4.0,0.18181818181818182,11.0,4.0,360.4858937918754
1. Load Profile (With Solar Installed) SoL,5,ridge_only,161.4698775513455,198.2242953444455,161.4698775513455,228.2259753375908,92.3087310145304,228.46716126861,281.1692132545326,264.29906045926066,0.4,0.18181818181818182,0.25000000000000006,9.0,0.0,0.18181818181818182,5.0,4.0,355.053959332092
1. Load Profile (With Solar Installed) SoL,5,seasonal,214.60416666666666,256.8536004873853,214.60416666666666,303.3274440518257,102.33016181502867,303.56146278761,364.3313482090571,342.47146731651367,0.4,0.18181818181818182,0.25000000000000006,9.0,1.0,0.2727272727272727,10.0,7.0,400.6000000000001
1. Load Profile (With Solar Installed) SoL,6,direct_hgb,210.18021136260336,248.14343796974265,-180.70683240747144,36.53851778423441,43.27295387482311,42.28303697547681,38.08801810740486,26.09289568556705,0.0,0.0,0.0,5.0,5.0,0.0,17.0,12.0,291.42914255262053
1. Load Profile (With Solar Installed) SoL,6,enhanced,239.88655214789674,290.6025286945877,-239.88655214789674,41.702779700478224,50.05470447712651,37.159766985701,44.60514638443403,30.557573995224786,0.6,0.6,0.6,2.0,3.0,0.2,8.0,13.0,334.0319999999999
1. Load Profile (With Solar Installed) SoL,6,enhanced_late_peak_uplift,236.63838548123007,288.21178450522916,-236.63838548123007,41.138106200786076,49.56937270972808,36.78684314337416,44.23818641676579,30.306181335986242,0.6,0.6,0.6,2.0,3.0,0.2,9.0,14.0,215.05600000000004
1. Load Profile (With Solar Installed) SoL,6,enhanced_md_calibrated,247.4687411584351,298.9749866167315,-247.4687411584351,43.02089593134941,51.28684102514537,37.99189068256439,45.89025120747989,31.43795863477723,1.0,1.0,1.0,0.0,2.0,0.4,16.0,7.0,355.91999999999996
1. Load Profile (With Solar Installed) SoL,6,enhanced_peak_confirmed,239.88655214789674,290.6025286945877,-239.88655214789674,41.702779700478224,50.05470447712651,37.159766985701,44.60514638443403,30.557573995224786,0.625,1.0,0.7692307692307693,0.0,3.0,0.8,2.0,13.0,334.0319999999999
1. Load Profile (With Solar Installed) SoL,6,enhanced_peak_priority,239.88655214789674,290.6025286945877,-239.88655214789674,41.702779700478224,50.05470447712651,37.159766985701,44.60514638443403,30.557573995224786,0.5,1.0,0.6666666666666666,0.0,3.0,0.8,2.0,13.0,334.0319999999999
1. Load Profile (With Solar Installed) SoL,6,ridge_only,249.53426183033108,295.2903365215971,-249.53426183033108,43.37997380701855,53.349634061899685,39.863784761016,45.324687109991885,31.050508572197383,1.0,1.0,1.0,0.0,3.0,0.2,12.0,9.0,326.14487353808283
1. Load Profile (With Solar Installed) SoL,6,seasonal,495.6270833333333,598.7447795527462,-495.2104166666666,86.16167469486798,120.32477738004926,68.41407539312489,91.90249878016058,62.959493118059534,0.0,0.0,0.0,5.0,6.0,0.0,45.0,24.0,865.6
1. Load Profile (With Solar Installed) SoL,7,direct_hgb,44.955603666018135,64.78160951757202,3.5019943413743846,5.958165988262061,6.599747260579873,6.904228620219342,8.92308671040937,6.8624586353360195,1.0,1.0,1.0,0.0,0.0,1.0,2.0,1.0,2.421210174559974
1. Load Profile (With Solar Installed) SoL,7,enhanced,143.96789194695825,202.1942547209697,-142.2722532344666,19.080704678615003,28.115783002696304,21.283885039018656,27.85044830867351,21.41888291535696,1.0,1.0,1.0,0.0,1.0,0.8,3.0,2.0,32.04504358991994
1. Load Profile (With Solar Installed) SoL,7,enhanced_late_peak_uplift,143.96789194695825,202.1942547209697,-142.2722532344666,19.080704678615003,28.115783002696304,21.283885039018656,27.85044830867351,21.41888291535696,1.0,1.0,1.0,0.0,1.0,0.8,3.0,2.0,32.04504358991994
1. Load Profile (With Solar Installed) SoL,7,enhanced_md_calibrated,147.86735825205915,202.95764585398646,-146.1717195395675,19.597518281742936,28.559698545996742,21.708953440908722,27.955598602477476,21.499750620125685,1.0,1.0,1.0,0.0,1.0,0.8,4.0,3.0,50.79209715236561
1. Load Profile (With Solar Installed) SoL,7,enhanced_peak_confirmed,143.96789194695825,202.1942547209697,-142.2722532344666,19.080704678615003,28.115783002696304,21.283885039018656,27.85044830867351,21.41888291535696,0.5,1.0,0.6666666666666666,0.0,6.0,0.6,2.0,2.0,32.04504358991994
1. Load Profile (With Solar Installed) SoL,7,enhanced_peak_priority,143.96789194695825,202.1942547209697,-142.2722532344666,19.080704678615003,28.115783002696304,21.283885039018656,27.85044830867351,21.41888291535696,0.5,1.0,0.6666666666666666,0.0,5.0,0.6,2.0,2.0,32.04504358991994
1. Load Profile (With Solar Installed) SoL,7,ridge_only,141.42927805786314,190.98357116340642,-137.38739836062308,18.74425089537353,26.324323943772594,20.67854104360089,26.30627701975295,20.231310504598138,1.0,1.0,1.0,0.0,1.0,0.8,4.0,2.0,8.628452328313529
1. Load Profile (With Solar Installed) SoL,7,seasonal,204.85208333333335,303.94902910137193,-200.9104166666667,27.149957202418758,49.37364062501499,30.73234935126537,41.86625745197961,32.197990370908045,1.0,1.0,1.0,0.0,3.0,0.4,2.0,9.0,52.0
1. Load Profile (With Solar Installed) SoL,8,direct_hgb,52.178659155407196,81.22650074534201,28.98211442092722,6.75251581100414,7.334093646200879,8.08870499890455,11.134544310533517,8.523242470654985,0.5,0.6,0.5454545454545454,2.0,1.0,0.4,12.0,11.0,15.387917768546572
1. Load Profile (With Solar Installed) SoL,8,enhanced,60.253713307645285,67.38896959650732,-50.652698528114804,7.797520257655425,8.100400591324771,7.764931582273673,9.237692885059262,7.07124549805953,0.4,0.4,0.4000000000000001,3.0,0.0,0.4,14.0,9.0,53.08887847857204
1. Load Profile (With Solar Installed) SoL,8,enhanced_late_peak_uplift,60.253713307645285,67.38896959650732,-50.652698528114804,7.797520257655425,8.100400591324771,7.764931582273673,9.237692885059262,7.07124549805953,0.4,0.4,0.4000000000000001,3.0,0.0,0.4,14.0,9.0,53.08887847857204
1. Load Profile (With Solar Installed) SoL,8,enhanced_md_calibrated,57.01532095276798,64.75452692530305,-47.41430617323751,7.378435215369936,7.728856305687986,7.414640578938257,8.876562978108712,6.794808701500845,0.4,0.4,0.4000000000000001,3.0,0.0,0.4,10.0,9.0,36.87609798225935
1. Load Profile (With Solar Installed) SoL,8,enhanced_peak_confirmed,60.253713307645285,67.38896959650732,-50.652698528114804,7.797520257655425,8.100400591324771,7.764931582273673,9.237692885059262,7.07124549805953,0.625,1.0,0.7692307692307693,0.0,0.0,0.4,27.0,9.0,53.08887847857204
1. Load Profile (With Solar Installed) SoL,8,enhanced_peak_priority,60.253713307645285,67.38896959650732,-50.652698528114804,7.797520257655425,8.100400591324771,7.764931582273673,9.237692885059262,7.07124549805953,0.5,1.0,0.6666666666666666,0.0,0.0,0.4,6.0,9.0,53.08887847857204
1. Load Profile (With Solar Installed) SoL,8,ridge_only,63.171342938235114,71.63824820362998,-44.55612324329909,8.175094931480105,8.568947845931026,8.316312348691364,9.820184812012334,7.517129926928645,0.4,0.4,0.4000000000000001,3.0,0.0,0.4,7.0,9.0,15.397615207039962
1. Load Profile (With Solar Installed) SoL,8,seasonal,59.91458333333333,67.2961443298698,-51.60208333333335,7.753632956781969,8.256873221978449,7.876417038812946,9.224968379694284,7.061505176271753,0.4,0.4,0.4000000000000001,3.0,1.0,0.4,18.0,11.0,58.799999999999955
1. Load Profile (With Solar Installed) SoL,9,direct_hgb,45.95007879819611,65.31842393670864,37.35620925821964,6.049379545566136,6.428998121391693,6.9353291263633725,9.473302963989651,6.80400249340715,0.8333333333333334,1.0,0.9090909090909091,0.0,3.0,0.6,1.0,0.0,16.789958834608683
1. Load Profile (With Solar Installed) SoL,9,enhanced,38.40024700191189,44.550814285880946,-28.68363513175861,5.055435699648301,5.120615049285418,4.9815016195209765,6.461321868873233,4.640709821445932,1.0,1.0,1.0,0.0,0.0,1.0,2.0,1.0,52.66071426743645
1. Load Profile (With Solar Installed) SoL,9,enhanced_late_peak_uplift,38.40024700191189,44.550814285880946,-28.68363513175861,5.055435699648301,5.120615049285418,4.9815016195209765,6.461321868873233,4.640709821445932,1.0,1.0,1.0,0.0,0.0,1.0,2.0,1.0,52.66071426743645
1. Load Profile (With Solar Installed) SoL,9,enhanced_md_calibrated,34.159624375896776,40.164320194754865,-24.443012505743493,4.497152962268363,4.641556636430005,4.524838260130598,5.825137084083374,4.183783353620298,1.0,1.0,1.0,0.0,0.0,1.0,2.0,1.0,31.541361542812183
1. Load Profile (With Solar Installed) SoL,9,enhanced_peak_confirmed,38.40024700191189,44.550814285880946,-28.68363513175861,5.055435699648301,5.120615049285418,4.9815016195209765,6.461321868873233,4.640709821445932,1.6666666666666667,1.0,1.25,0.0,1.0,0.4,1.0,1.0,52.66071426743645
1. Load Profile (With Solar Installed) SoL,9,enhanced_peak_priority,38.40024700191189,44.550814285880946,-28.68363513175861,5.055435699648301,5.120615049285418,4.9815016195209765,6.461321868873233,4.640709821445932,0.5,1.0,0.6666666666666666,0.0,5.0,0.8,1.0,1.0,52.66071426743645
1. Load Profile (With Solar Installed) SoL,9,ridge_only,45.03966396686158,54.38877959505468,-26.86491636731022,5.9295224092412395,6.032517791648441,5.888274838721589,7.8881478745547025,5.665497874484862,1.0,1.0,1.0,0.0,0.0,1.0,2.0,1.0,21.03006318923667
1. Load Profile (With Solar Installed) SoL,9,seasonal,30.02500000000001,37.79293364285623,-21.80416666666669,3.9528250137136602,4.2351062851197625,4.110314053820805,5.481208650160439,3.936763921130857,1.0,1.0,1.0,0.0,1.0,0.8,3.0,2.0,46.19999999999993
1. Load Profile (With Solar Installed) SoL,10,direct_hgb,60.087284256994394,77.30239891605332,56.56256449787579,8.026352881214812,8.153996169293098,8.811404540007949,11.342978564351183,8.285358940627365,0.8,0.8,0.8000000000000002,1.0,1.0,0.2,16.0,2.0,49.415902114233745
1. Load Profile (With Solar Installed) SoL,10,enhanced,28.355501207493102,36.62751121489497,-17.28387548788302,3.7876775698771885,3.73513581634261,3.6768551987834854,5.374543098297134,3.9257782652620548,0.6,0.6,0.6,2.0,0.0,0.4,14.0,4.0,22.87829626164671
1. Load Profile (With Solar Installed) SoL,10,enhanced_late_peak_uplift,28.355501207493102,36.62751121489497,-17.28387548788302,3.7876775698771885,3.73513581634261,3.6768551987834854,5.374543098297134,3.9257782652620548,0.6,0.6,0.6,2.0,0.0,0.4,14.0,4.0,22.87829626164671
1. Load Profile (With Solar Installed) SoL,10,enhanced_md_calibrated,24.00432482042814,34.31540527988766,-12.017511521231429,3.2064551438207562,3.249679232576587,3.202053618210146,5.035275903138322,3.6779641243180774,0.6,0.6,0.6,2.0,0.0,0.4,14.0,4.0,3.093202929861718
1. Load Profile (With Solar Installed) SoL,10,enhanced_peak_confirmed,28.355501207493102,36.62751121489497,-17.28387548788302,3.7876775698771885,3.73513581634261,3.6768551987834854,5.374543098297134,3.9257782652620548,0.6666666666666666,0.4,0.5,3.0,1.0,0.2,34.0,4.0,22.87829626164671
1. Load Profile (With Solar Installed) SoL,10,enhanced_peak_priority,28.355501207493102,36.62751121489497,-17.28387548788302,3.7876775698771885,3.73513581634261,3.6768551987834854,5.374543098297134,3.9257782652620548,0.5,1.0,0.6666666666666666,0.0,1.0,0.4,12.0,4.0,22.87829626164671
1. Load Profile (With Solar Installed) SoL,10,ridge_only,38.95867489263448,52.51775342197533,-17.739344874694822,5.204030708650456,5.25413801374549,5.1696943388479095,7.706200061918611,5.628912478239585,0.6,0.6,0.6,2.0,0.0,0.4,16.0,5.0,0.03610537739461961
1. Load Profile (With Solar Installed) SoL,10,seasonal,18.67708333333335,23.13501584899681,-9.522916666666701,2.494851672510716,2.670677223940104,2.64968680993459,3.3947198604544115,2.4796372828506765,0.8,0.8,0.8000000000000002,1.0,0.0,0.4,12.0,11.0,11.0
2. Load Profile (No Solar) E,1,direct_hgb,220.3832768658675,258.8582286866872,-118.65062084279468,20.15662294842255,21.633582653297132,19.911927220198113,23.924050710414715,17.597432269659226,0.16666666666666666,0.2,0.1818181818181818,4.0,4.0,0.0,23.0,16.0,270.2039731469631
2. Load Profile (No Solar) E,1,enhanced,134.36528020669235,183.5792291452484,-70.86014274821139,12.289273165376482,12.477882550914758,11.709873246063216,16.96665703745364,12.479893211777593,0.2,0.2,0.20000000000000004,4.0,2.0,0.2,46.0,7.0,196.04462330345746
2. Load Profile (No Solar) E,1,enhanced_late_peak_uplift,134.36528020669235,183.5792291452484,-70.86014274821139,12.289273165376482,12.477882550914758,11.709873246063216,16.96665703745364,12.479893211777593,0.2,0.2,0.20000000000000004,4.0,2.0,0.2,46.0,7.0,196.04462330345746
2. Load Profile (No Solar) E,1,enhanced_md_calibrated,134.36528020669235,183.5792291452484,-70.86014274821139,12.289273165376482,12.477882550914758,11.709873246063216,16.96665703745364,12.479893211777593,0.2,0.2,0.20000000000000004,4.0,2.0,0.2,46.0,7.0,196.04462330345746
2. Load Profile (No Solar) E,1,enhanced_peak_confirmed,134.36528020669235,183.5792291452484,-70.86014274821139,12.289273165376482,12.477882550914758,11.709873246063216,16.96665703745364,12.479893211777593,0.0,0.0,0.0,5.0,1.0,0.2,39.0,7.0,196.04462330345746
2. Load Profile (No Solar) E,1,enhanced_peak_priority,134.36528020669235,183.5792291452484,-70.86014274821139,12.289273165376482,12.477882550914758,11.709873246063216,16.96665703745364,12.479893211777593,0.4,0.8,0.5333333333333333,1.0,5.0,0.0,44.0,7.0,196.04462330345746
2. Load Profile (No Solar) E,1,ridge_only,147.34688120753938,191.15563852450805,-91.37996964807473,13.476592096114576,13.868283280500219,12.992138923412117,17.666879715758597,12.994944835112715,0.2,0.2,0.20000000000000004,4.0,2.0,0.2,44.0,27.0,162.14604090189323
2. Load Profile (No Solar) E,1,seasonal,150.16770833333337,192.36709642972235,-45.33458333333336,13.73458966102018,13.766984096340265,13.271917386969426,17.778844402007614,13.077300912965491,0.2,0.2,0.20000000000000004,4.0,2.0,0.2,46.0,28.0,120.09500000000003
2. Load Profile (No Solar) E,2,direct_hgb,235.19882877109367,277.0212936952851,-234.00382595630717,19.35892412334739,21.03793898405563,18.47113933354522,23.14296522099291,17.75777523687725,0.0,0.0,0.0,5.0,5.0,0.0,8.0,8.0,453.0321666431905
2. Load Profile (No Solar) E,2,enhanced,208.6673963471969,247.86938738466625,-166.85281317134672,17.17515479991332,18.17208542459563,16.477470250988933,20.70755115995541,15.889063293888864,0.2,0.2,0.20000000000000004,4.0,4.0,0.0,27.0,15.0,287.86482568885367
2. Load Profile (No Solar) E,2,enhanced_late_peak_uplift,208.6673963471969,247.86938738466625,-166.85281317134672,17.17515479991332,18.17208542459563,16.477470250988933,20.70755115995541,15.889063293888864,0.2,0.2,0.20000000000000004,4.0,4.0,0.0,27.0,15.0,287.86482568885367
2. Load Profile (No Solar) E,2,enhanced_md_calibrated,232.6227540292905,267.78808494699865,-128.6447886536846,19.146890603779244,19.997334824076166,18.861220501357103,22.37160275246438,17.16590288121786,0.2,0.2,0.20000000000000004,4.0,4.0,0.0,27.0,15.0,92.2538532600779
2. Load Profile (No Solar) E,2,enhanced_peak_confirmed,208.6673963471969,247.86938738466625,-166.85281317134672,17.17515479991332,18.17208542459563,16.477470250988933,20.70755115995541,15.889063293888864,1.0,0.2,0.33333333333333337,4.0,0.0,0.2,24.0,15.0,287.86482568885367
2. Load Profile (No Solar) E,2,enhanced_peak_priority,208.6673963471969,247.86938738466625,-166.85281317134672,17.17515479991332,18.17208542459563,16.477470250988933,20.70755115995541,15.889063293888864,0.3,0.6,0.4,2.0,5.0,0.2,29.0,15.0,287.86482568885367
2. Load Profile (No Solar) E,2,ridge_only,214.61404093588422,257.286301998888,-182.53643463317894,17.664615746561797,18.829268689120696,16.881792539117868,21.494260818620553,16.492711666595387,0.6,0.6,0.6,2.0,2.0,0.2,29.0,16.0,312.91407600973275
2. Load Profile (No Solar) E,2,seasonal,212.96765624999998,247.8094302035063,-146.59380208333337,17.529103863367457,18.493636628829524,17.02523560226936,20.702542205806708,15.885219884840147,0.2,0.2,0.20000000000000004,4.0,4.0,0.0,21.0,15.0,122.09750000000008
2. Load Profile (No Solar) E,3,direct_hgb,269.9129289171477,320.69888070144003,-235.27234911989294,22.014614174819613,25.143184599804975,21.603129866824787,26.50403972739174,20.90605480452673,0.4,0.4,0.4000000000000001,3.0,3.0,0.2,7.0,7.0,260.86686675147826
2. Load Profile (No Solar) E,3,enhanced,201.74422798066715,231.53722991406576,-183.89385119173292,16.45464468415494,17.562063160278893,15.870246821779322,19.135308257360805,15.093691650199855,0.6,0.6,0.6,2.0,3.0,0.2,7.0,1.0,238.07014339534794
2. Load Profile (No Solar) E,3,enhanced_late_peak_uplift,201.74422798066715,231.53722991406576,-183.89385119173292,16.45464468415494,17.562063160278893,15.870246821779322,19.135308257360805,15.093691650199855,0.6,0.6,0.6,2.0,3.0,0.2,7.0,1.0,238.07014339534794
2. Load Profile (No Solar) E,3,enhanced_md_calibrated,200.00112499571821,229.80396569472884,-136.84207117561274,16.312473874351284,17.400913162797252,16.07947136717673,18.992063280556103,14.980701805393014,0.6,0.6,0.6,2.0,3.0,0.2,7.0,1.0,8.189347883034543
2. Load Profile (No Solar) E,3,enhanced_peak_confirmed,201.74422798066715,231.53722991406576,-183.89385119173292,16.45464468415494,17.562063160278893,15.870246821779322,19.135308257360805,15.093691650199855,2.0,0.4,0.6666666666666667,3.0,0.0,0.0,23.0,1.0,238.07014339534794
2. Load Profile (No Solar) E,3,enhanced_peak_priority,201.74422798066715,231.53722991406576,-183.89385119173292,16.45464468415494,17.562063160278893,15.870246821779322,19.135308257360805,15.093691650199855,0.3,0.6,0.4,2.0,4.0,0.4,6.0,1.0,238.07014339534794
2. Load Profile (No Solar) E,3,ridge_only,235.10267705625265,279.34846404786254,-210.1452466790943,19.17542352500404,20.6330873689877,18.203147042887867,23.086649921310954,18.21046049855688,0.6,0.6,0.6,2.0,2.0,0.2,42.0,4.0,251.3817934977601
2. Load Profile (No Solar) E,3,seasonal,123.77505208333334,150.63755107415878,-38.46109375000004,10.095329731015616,10.341718182678775,10.193783101667279,12.449384386294113,9.819918583713088,0.6,0.6,0.6,2.0,1.0,0.6,4.0,1.0,9.099999999999909
2. Load Profile (No Solar) E,4,direct_hgb,153.71238167907904,180.0716155451041,50.96353973615242,13.36459927291067,13.44850881617682,14.100789706267111,15.523415133198629,12.663264103031231,0.8,0.8,0.8000000000000002,1.0,0.0,0.2,8.0,2.0,56.11401721047605
2. Load Profile (No Solar) E,4,enhanced,157.18258059622028,197.02548010238175,48.59970746038573,13.66631743912651,13.761446720110118,15.028640932373058,16.984955181239805,13.855518994541614,0.4,0.4,0.4000000000000001,3.0,3.0,0.2,17.0,10.0,34.29860676021917
2. Load Profile (No Solar) E,4,enhanced_late_peak_uplift,157.18258059622028,197.02548010238175,48.59970746038573,13.66631743912651,13.761446720110118,15.028640932373058,16.984955181239805,13.855518994541614,0.4,0.4,0.4000000000000001,3.0,3.0,0.2,17.0,10.0,34.29860676021917
2. Load Profile (No Solar) E,4,enhanced_md_calibrated,210.00158574954472,269.1523266270029,101.41871261371018,18.258692042636163,17.21146763155906,19.53459063279713,23.202786778189903,18.927730423839865,0.4,0.4,0.4000000000000001,3.0,3.0,0.2,17.0,10.0,301.82945834983457
2. Load Profile (No Solar) E,4,enhanced_peak_confirmed,157.18258059622028,197.02548010238175,48.59970746038573,13.66631743912651,13.761446720110118,15.028640932373058,16.984955181239805,13.855518994541614,0.10416666666666667,1.0,0.18867924528301885,0.0,34.0,0.0,28.0,10.0,34.29860676021917
2. Load Profile (No Solar) E,4,enhanced_peak_priority,157.18258059622028,197.02548010238175,48.59970746038573,13.66631743912651,13.761446720110118,15.028640932373058,16.984955181239805,13.855518994541614,0.3,0.6,0.4,2.0,6.0,0.2,11.0,10.0,34.29860676021917
2. Load Profile (No Solar) E,4,ridge_only,147.77446990267154,190.19379947716462,14.137923652575713,12.848324588056288,13.052329348084015,13.902822858246786,16.396017196307294,13.37509138376685,0.4,0.4,0.4000000000000001,3.0,4.0,0.2,13.0,9.0,18.909777112754227
2. Load Profile (No Solar) E,4,seasonal,174.30927083333336,211.19460698002663,47.54947916666662,15.155406017352874,15.230524024524453,16.458666414756408,18.206431636209192,14.851941419129862,0.2,0.2,0.20000000000000004,4.0,4.0,0.0,19.0,5.0,77.4849999999999
2. Load Profile (No Solar) E,5,direct_hgb,543.9205075108354,613.4965691907447,543.9205075108354,68.42305307157298,48.45812508210023,68.2229652256451,77.6577935684487,65.54450525542144,0.5,0.5,0.5,3.0,0.0,0.5,11.0,4.0,814.1638227062524
2. Load Profile (No Solar) E,5,enhanced,293.9136385742764,321.5643490075415,293.9136385742764,36.97317569925641,30.686925507400435,37.49171224988668,40.70434797563817,34.35516549225871,0.6,0.5,0.5454545454545454,3.0,1.0,0.16666666666666666,14.0,9.0,400.3237060378767
2. Load Profile (No Solar) E,5,enhanced_late_peak_uplift,293.9136385742764,321.5643490075415,293.9136385742764,36.97317569925641,30.686925507400435,37.49171224988668,40.70434797563817,34.35516549225871,0.6,0.5,0.5454545454545454,3.0,1.0,0.16666666666666666,14.0,9.0,400.3237060378767
2. Load Profile (No Solar) E,5,enhanced_md_calibrated,338.75390383333394,393.05445834694416,338.75390383333394,42.613904090992555,33.71411435292682,43.02008243941061,49.75372890467648,41.992997686639335,0.6,0.5,0.5454545454545454,3.0,1.0,0.16666666666666666,14.0,9.0,625.8095637578467
2. Load Profile (No Solar) E,5,enhanced_peak_confirmed,293.9136385742764,321.5643490075415,293.9136385742764,36.97317569925641,30.686925507400435,37.49171224988668,40.70434797563817,34.35516549225871,0.125,1.0,0.2222222222222222,0.0,22.0,0.0,19.0,9.0,400.3237060378767
2. Load Profile (No Solar) E,5,enhanced_peak_priority,293.9136385742764,321.5643490075415,293.9136385742764,36.97317569925641,30.686925507400435,37.49171224988668,40.70434797563817,34.35516549225871,0.4,0.6666666666666666,0.5,2.0,2.0,0.16666666666666666,17.0,9.0,400.3237060378767
2. Load Profile (No Solar) E,5,ridge_only,283.86432300464236,307.617231830772,283.86432300464236,35.709011463749334,29.857757250958944,36.1294620687818,38.938890105161015,32.865088870808975,0.6,0.5,0.5454545454545454,3.0,2.0,0.3333333333333333,4.0,10.0,354.333192379451
2. Load Profile (No Solar) E,5,seasonal,329.79895833333336,361.4550168142757,329.6865625,41.48740729092958,33.659090311611095,42.03764652758724,45.75379959674376,38.61698897588416,0.6,0.5,0.5454545454545454,3.0,1.0,0.16666666666666666,18.0,9.0,454.0049999999999
2. Load Profile (No Solar) E,6,direct_hgb,195.64567224028966,269.57184637045265,137.8499930238182,28.067163595845376,23.423945992593943,29.509167356267852,39.966174406293945,30.323042336383875,0.16666666666666666,0.2,0.1818181818181818,4.0,3.0,0.2,1.0,0.0,243.65758498997684
2. Load Profile (No Solar) E,6,enhanced,124.0847894954275,151.3385894849435,94.65932946702806,17.801099542067963,17.033976389930984,19.425325412508943,22.437151888056857,17.023463384133127,0.2,0.2,0.20000000000000004,4.0,3.0,0.2,18.0,11.0,48.22498565687238
2. Load Profile (No Solar) E,6,enhanced_late_peak_uplift,124.0847894954275,151.3385894849435,94.65932946702806,17.801099542067963,17.033976389930984,19.425325412508943,22.437151888056857,17.023463384133127,0.2,0.2,0.20000000000000004,4.0,3.0,0.2,18.0,11.0,48.22498565687238
2. Load Profile (No Solar) E,6,enhanced_md_calibrated,151.66176207184606,190.35827852950806,122.48760628089934,21.75726883483849,19.89987874569221,23.476880194915314,28.22213173158014,21.412629755850176,0.2,0.2,0.20000000000000004,4.0,3.0,0.2,18.0,11.0,192.33820139918475
2. Load Profile (No Solar) E,6,enhanced_peak_confirmed,124.0847894954275,151.3385894849435,94.65932946702806,17.801099542067963,17.033976389930984,19.425325412508943,22.437151888056857,17.023463384133127,0.0,0.0,0.0,5.0,2.0,0.0,30.0,11.0,48.22498565687238
2. Load Profile (No Solar) E,6,enhanced_peak_priority,124.0847894954275,151.3385894849435,94.65932946702806,17.801099542067963,17.033976389930984,19.425325412508943,22.437151888056857,17.023463384133127,0.3,0.6,0.4,2.0,3.0,0.2,22.0,11.0,48.22498565687238
2. Load Profile (No Solar) E,6,ridge_only,123.52685366645551,150.1844915380566,85.48827415760972,17.72105853728403,16.90532218465499,19.181495198220137,22.266047670579184,16.893643592582293,0.2,0.2,0.20000000000000004,4.0,4.0,0.2,32.0,10.0,45.43534117508182
2. Load Profile (No Solar) E,6,seasonal,146.77578125,178.45647606811875,119.54671874999998,21.05633013538958,19.68598035574996,22.89963098800404,26.45759467281227,20.07384432712247,0.4,0.4,0.4000000000000001,3.0,2.0,0.4,11.0,11.0,121.39999999999998
2. Load Profile (No Solar) E,7,direct_hgb,55.0235495625617,64.46283609903213,8.892435616362306,8.005366085726726,7.922946497498833,8.00488189138564,9.642907419451328,7.683293933138514,0.2857142857142857,0.4,0.3333333333333333,3.0,2.0,0.4,2.0,33.0,134.56865688980315
2. Load Profile (No Solar) E,7,enhanced,91.01833470188238,107.67463725263175,42.4666569836534,13.242240742271926,12.76848923462067,13.441315204999594,16.106901608471464,12.833687396022855,0.2,0.2,0.20000000000000004,4.0,4.0,0.2,44.0,23.0,41.13606495989484
2. Load Profile (No Solar) E,7,enhanced_late_peak_uplift,93.20729871317587,111.81537309298157,44.6556209949469,13.560712712877189,13.022843040350132,13.785130307623625,16.726308615255284,13.327219677351797,0.2,0.2,0.20000000000000004,4.0,4.0,0.2,44.0,28.0,43.37600000000009
2. Load Profile (No Solar) E,7,enhanced_md_calibrated,102.43008278851967,123.87348808066102,53.87840507029071,14.902533868358827,14.064587995412413,15.075132128498122,18.530065531886468,14.764420510209895,0.2,0.2,0.20000000000000004,4.0,4.0,0.2,44.0,23.0,98.4390684467154
2. Load Profile (No Solar) E,7,enhanced_peak_confirmed,91.01833470188238,107.67463725263175,42.4666569836534,13.242240742271926,12.76848923462067,13.441315204999594,16.106901608471464,12.833687396022855,0.0,0.0,0.0,5.0,4.0,0.0,11.0,23.0,41.13606495989484
2. Load Profile (No Solar) E,7,enhanced_peak_priority,91.01833470188238,107.67463725263175,42.4666569836534,13.242240742271926,12.76848923462067,13.441315204999594,16.106901608471464,12.833687396022855,0.1,0.2,0.13333333333333333,4.0,9.0,0.2,40.0,23.0,41.13606495989484
2. Load Profile (No Solar) E,7,ridge_only,108.0242959656382,126.77307733999247,56.040668255519385,15.71643491255648,14.950472352269028,16.06399987657173,18.96381112041772,15.11002113706704,0.0,0.0,0.0,5.0,5.0,0.0,46.0,24.0,66.07307895737824
2. Load Profile (No Solar) E,7,seasonal,90.31380208333331,111.12080387360244,27.576510416666626,13.139738421435496,12.714813883903606,13.146937560971022,16.622408956410236,13.244434311513997,0.0,0.0,0.0,5.0,5.0,0.0,41.0,23.0,70.00249999999994
2. Load Profile (No Solar) E,8,direct_hgb,88.53565573473975,108.56850722354949,11.074178685107796,13.31822205417753,13.394150304277922,14.035176388120785,16.31382527776852,12.13055946631838,0.14285714285714285,0.2,0.16666666666666666,4.0,4.0,0.0,43.0,15.0,212.650131027184
2. Load Profile (No Solar) E,8,enhanced,89.83682054703691,117.77182924166172,41.806114034967145,13.513953386999818,13.49417538947317,14.781047343977235,17.69674368770274,13.158863602420304,0.2,0.2,0.20000000000000004,4.0,4.0,0.2,31.0,14.0,66.67138211806537
2. Load Profile (No Solar) E,8,enhanced_late_peak_uplift,96.8677183686553,127.31998972785773,49.15482165231168,14.571595730657354,14.322630015344211,15.831765008018467,19.13147854663527,14.225697176296954,0.2,0.2,0.20000000000000004,4.0,4.0,0.2,31.0,24.0,56.37256490257323
2. Load Profile (No Solar) E,8,enhanced_md_calibrated,88.770896408448,114.92594534255193,37.935147490893975,13.353608786253107,13.362363818007564,14.558770690363223,17.269112748693,12.840887747771166,0.2,0.2,0.20000000000000004,4.0,4.0,0.2,31.0,14.0,86.18009921844919
2. Load Profile (No Solar) E,8,enhanced_peak_confirmed,89.83682054703691,117.77182924166172,41.806114034967145,13.513953386999818,13.49417538947317,14.781047343977235,17.69674368770274,13.158863602420304,1.0,0.6,0.7499999999999999,2.0,1.0,0.0,22.0,14.0,66.67138211806537
2. Load Profile (No Solar) E,8,enhanced_peak_priority,89.83682054703691,117.77182924166172,41.806114034967145,13.513953386999818,13.49417538947317,14.781047343977235,17.69674368770274,13.158863602420304,0.5,1.0,0.6666666666666666,0.0,2.0,0.2,32.0,14.0,66.67138211806537
2. Load Profile (No Solar) E,8,ridge_only,94.9729520837559,118.06235121832351,49.64212947189446,14.286570246702446,14.1364334546526,15.415223587327315,17.740398379913376,13.1913241584719,0.2,0.2,0.20000000000000004,4.0,4.0,0.0,42.0,13.0,72.97645846067485
2. Load Profile (No Solar) E,8,seasonal,96.56468749999998,123.66025244238577,38.02843749999996,14.526011470118144,14.386305147397213,15.71772170147735,18.581555588637983,13.816787982389473,0.4,0.4,0.4000000000000001,3.0,3.0,0.2,23.0,14.0,37.12250000000006
2. Load Profile (No Solar) E,9,direct_hgb,103.49313683656965,120.13658189552895,-45.35927317754976,14.081896329493276,14.235492363244715,13.751941308201243,16.490951529928477,12.592933112738883,0.2857142857142857,0.4,0.3333333333333333,3.0,6.0,0.2,3.0,7.0,226.75133859648543
2. Load Profile (No Solar) E,9,enhanced,87.84931777723511,113.73060361986505,-52.738055878401546,11.95330457042063,12.7989546104052,11.798842964966132,15.611613400118744,11.921446920321284,0.8,0.8,0.8000000000000002,1.0,1.0,0.6,2.0,4.0,85.53623997137413
2. Load Profile (No Solar) E,9,enhanced_late_peak_uplift,87.84931777723511,113.73060361986505,-52.738055878401546,11.95330457042063,12.7989546104052,11.798842964966132,15.611613400118744,11.921446920321284,0.8,0.8,0.8000000000000002,1.0,1.0,0.6,2.0,4.0,85.53623997137413
2. Load Profile (No Solar) E,9,enhanced_md_calibrated,86.64458154102317,113.21605795335249,-47.86145173033444,11.789380939334729,12.659695994238781,11.688945403300838,15.540982560515097,11.86751131586504,0.8,0.8,0.8000000000000002,1.0,1.0,0.6,2.0,4.0,60.81231729744786
2. Load Profile (No Solar) E,9,enhanced_peak_confirmed,87.84931777723511,113.73060361986505,-52.738055878401546,11.95330457042063,12.7989546104052,11.798842964966132,15.611613400118744,11.921446920321284,0.6666666666666666,0.8,0.7272727272727272,1.0,2.0,0.2,2.0,4.0,85.53623997137413
2. Load Profile (No Solar) E,9,enhanced_peak_priority,87.84931777723511,113.73060361986505,-52.738055878401546,11.95330457042063,12.7989546104052,11.798842964966132,15.611613400118744,11.921446920321284,0.4,0.8,0.5333333333333333,1.0,4.0,0.2,2.0,4.0,85.53623997137413
2. Load Profile (No Solar) E,9,ridge_only,100.53696829043726,129.4614338570362,-46.268540963100435,13.679662323726475,14.55242460429227,13.402497363705349,17.77095866259934,13.570380907446143,0.8,0.8,0.8000000000000002,1.0,1.0,0.2,3.0,4.0,47.77610055019238
2. Load Profile (No Solar) E,9,seasonal,95.16791666666666,117.65849330530712,-53.6163541666667,12.949116988406042,13.796577393377838,12.801003529652935,16.150788374098436,12.333175398879153,0.8,0.8,0.8000000000000002,1.0,2.0,0.6,4.0,4.0,37.59999999999991
2. Load Profile (No Solar) E,10,direct_hgb,83.5040814131524,106.55718934472364,-30.90631564308626,11.77668843200034,11.769968593367008,11.425907769072765,15.266072972023444,11.582303189643875,0.16666666666666666,0.2,0.1818181818181818,4.0,3.0,0.2,47.0,13.0,234.20810525258037
2. Load Profile (No Solar) E,10,enhanced,120.90032073974838,132.0392559970382,-2.9699533257256547,17.05072835465821,17.39929962013031,17.527397701792133,18.91679885344387,14.352093043156327,0.6,0.6,0.6,2.0,4.0,0.0,30.0,31.0,10.527566624309543
2. Load Profile (No Solar) E,10,enhanced_late_peak_uplift,120.90032073974838,132.0392559970382,-2.9699533257256547,17.05072835465821,17.39929962013031,17.527397701792133,18.91679885344387,14.352093043156327,0.6,0.6,0.6,2.0,4.0,0.0,30.0,31.0,10.527566624309543
2. Load Profile (No Solar) E,10,enhanced_md_calibrated,130.2735449948764,142.68026452055727,10.86608244770507,18.372646275169878,18.46113246687208,18.875029986073496,20.441298641913647,15.5087244044084,0.6,0.6,0.6,2.0,4.0,0.0,30.0,31.0,62.67500397681886
2. Load Profile (No Solar) E,10,enhanced_peak_confirmed,120.90032073974838,132.0392559970382,-2.9699533257256547,17.05072835465821,17.39929962013031,17.527397701792133,18.91679885344387,14.352093043156327,0.10416666666666667,1.0,0.18867924528301885,0.0,35.0,0.2,14.0,31.0,10.527566624309543
2. Load Profile (No Solar) E,10,enhanced_peak_priority,120.90032073974838,132.0392559970382,-2.9699533257256547,17.05072835465821,17.39929962013031,17.527397701792133,18.91679885344387,14.352093043156327,0.4,0.8,0.5333333333333333,1.0,1.0,0.4,6.0,31.0,10.527566624309543
2. Load Profile (No Solar) E,10,ridge_only,121.0181066058686,137.66916243925198,-13.873786341882074,17.067339847456125,17.602973645208774,17.553258264085535,19.723375707629224,14.964039395570866,0.4,0.4,0.4000000000000001,3.0,4.0,0.2,26.0,32.0,17.497130977613665
2. Load Profile (No Solar) E,10,seasonal,109.01994791666665,123.79371335207126,43.550156249999965,15.37522403408256,14.906427045514864,15.876044191784274,17.735489018921385,13.455838407833832,0.8,0.8,0.8000000000000002,1.0,1.0,0.0,14.0,7.0,56.69999999999993
3. Load Profile (No Solar) SuN,1,direct_hgb,63.657048386363556,98.07610228364636,-60.3267908017826,57.02608812446844,51.34737660784062,34.97931148376419,196.75711464054365,42.140169015796474,0.5714285714285714,0.8,0.6666666666666666,1.0,2.0,0.6,2.0,2.0,173.83989063269735
3. Load Profile (No Solar) SuN,1,enhanced,70.01532285862625,107.0801383262058,-69.88531623276796,62.72204056910743,59.94045413373976,38.245859613716775,214.8207214785252,46.00891575249306,0.2,0.2,0.20000000000000004,4.0,4.0,0.0,14.0,8.0,188.78059748530274
3. Load Profile (No Solar) SuN,1,enhanced_late_peak_uplift,68.72041593633377,105.93030792185918,-58.83999667714215,61.56202014504622,56.87690863389202,39.29821841680578,212.5139687893644,45.51487034846045,0.2,0.2,0.20000000000000004,4.0,4.0,0.0,14.0,4.0,8.662484799999987
3. Load Profile (No Solar) SuN,1,enhanced_md_calibrated,70.01532285862625,107.0801383262058,-69.88531623276796,62.72204056910743,59.94045413373976,38.245859613716775,214.8207214785252,46.00891575249306,0.2,0.2,0.20000000000000004,4.0,4.0,0.0,14.0,8.0,188.78059748530274
3. Load Profile (No Solar) SuN,1,enhanced_peak_confirmed,70.01532285862625,107.0801383262058,-69.88531623276796,62.72204056910743,59.94045413373976,38.245859613716775,214.8207214785252,46.00891575249306,0.6666666666666666,0.8,0.7272727272727272,1.0,2.0,0.4,35.0,8.0,188.78059748530274
3. Load Profile (No Solar) SuN,1,enhanced_peak_priority,70.01532285862625,107.0801383262058,-69.88531623276796,62.72204056910743,59.94045413373976,38.245859613716775,214.8207214785252,46.00891575249306,0.4,0.8,0.5333333333333333,1.0,4.0,0.8,2.0,8.0,188.78059748530274
3. Load Profile (No Solar) SuN,1,ridge_only,65.92192770378684,99.89229937811702,-65.8016855034865,59.0550418824679,55.59625218845456,37.50682615209573,200.40071070121388,42.920530905644476,0.4,0.4,0.4000000000000001,3.0,3.0,0.0,10.0,10.0,175.81373330221606
3. Load Profile (No Solar) SuN,1,seasonal,69.98947271875,106.8954325591666,-69.28541696875,62.69888315933144,59.987928403886336,38.4521226496358,214.45017072320465,45.92955358311654,0.6,0.6,0.6,2.0,2.0,0.2,17.0,3.0,186.14556295
3. Load Profile (No Solar) SuN,2,direct_hgb,18.76149213690536,29.310755250329635,6.376908043048377,16.96840717909012,16.22941496525582,18.997903924874603,39.846148685966924,12.702451865548005,0.0,0.0,0.0,5.0,6.0,0.0,12.0,13.0,19.598052446585484
3. Load Profile (No Solar) SuN,2,enhanced,20.128215115793072,30.549383275523383,3.5431216682640074,18.204508862130936,18.48792217745123,18.90111717365036,41.52998644575718,13.239238199948769,0.6,0.6,0.6,2.0,4.0,0.2,13.0,11.0,10.434516168255442
3. Load Profile (No Solar) SuN,2,enhanced_late_peak_uplift,20.709725593094387,31.86639519950396,4.1246321455653225,18.730442859584468,18.753571570735286,19.317595940492424,43.320382240609014,13.809993897911477,0.6,0.6,0.6,2.0,4.0,0.2,14.0,11.0,10.434516168255442
3. Load Profile (No Solar) SuN,2,enhanced_md_calibrated,29.571740172656366,43.373585828777955,13.029136841961895,26.745491487685996,22.19632100980602,23.7341039951152,58.96369217431195,18.79688467666049,0.6,0.6,0.6,2.0,4.0,0.2,14.0,11.0,58.67117940190653
3. Load Profile (No Solar) SuN,2,enhanced_peak_confirmed,20.128215115793072,30.549383275523383,3.5431216682640074,18.204508862130936,18.48792217745123,18.90111717365036,41.52998644575718,13.239238199948769,0.10416666666666667,1.0,0.18867924528301885,0.0,38.0,0.0,20.0,11.0,10.434516168255442
3. Load Profile (No Solar) SuN,2,enhanced_peak_priority,20.128215115793072,30.549383275523383,3.5431216682640074,18.204508862130936,18.48792217745123,18.90111717365036,41.52998644575718,13.239238199948769,0.5,1.0,0.6666666666666666,0.0,6.0,0.0,16.0,11.0,10.434516168255442
3. Load Profile (No Solar) SuN,2,ridge_only,21.429893022660597,34.005293118624095,2.484628521809585,19.381782001099783,19.398773147729194,20.058056143389084,46.22808092600565,14.736931727759407,0.8,0.8,0.8000000000000002,1.0,4.0,0.0,15.0,12.0,5.389289718419548
3. Load Profile (No Solar) SuN,2,seasonal,13.374687468749997,21.58715071036341,3.4130243312499977,12.096433546263674,13.594457122550994,13.46343232985403,29.346388708351125,9.355260226862898,0.6,0.6,0.6,2.0,4.0,0.2,12.0,11.0,14.734399999999994
3. Load Profile (No Solar) SuN,3,direct_hgb,13.244486313920712,19.31824888373753,-8.613834096963664,17.93552946299037,14.550975983068362,13.989369558613687,45.762978832911095,13.820860605229376,0.8333333333333334,1.0,0.9090909090909091,0.0,0.0,0.6,6.0,4.0,35.56229165822832
3. Load Profile (No Solar) SuN,3,enhanced,14.415200106555446,20.473783157400643,7.236166859714014,19.52089647707079,20.590059794032253,24.30191718871121,48.50032272078616,14.647564837946197,1.0,1.0,1.0,0.0,0.0,0.8,4.0,2.0,21.611603985115153
3. Load Profile (No Solar) SuN,3,enhanced_late_peak_uplift,14.415200106555446,20.473783157400643,7.236166859714014,19.52089647707079,20.590059794032253,24.30191718871121,48.50032272078616,14.647564837946197,1.0,1.0,1.0,0.0,0.0,0.8,4.0,2.0,21.611603985115153
3. Load Profile (No Solar) SuN,3,enhanced_md_calibrated,20.94131541631624,29.972779823390223,13.762282169474803,28.358485994911256,24.333492064679277,29.115879854472876,71.00248562259632,21.44343487773527,1.0,1.0,1.0,0.0,0.0,0.8,4.0,2.0,53.88912878213819
3. Load Profile (No Solar) SuN,3,enhanced_peak_confirmed,14.415200106555446,20.473783157400643,7.236166859714014,19.52089647707079,20.590059794032253,24.30191718871121,48.50032272078616,14.647564837946197,0.10416666666666667,1.0,0.18867924528301885,0.0,39.0,0.0,22.0,2.0,21.611603985115153
3. Load Profile (No Solar) SuN,3,enhanced_peak_priority,14.415200106555446,20.473783157400643,7.236166859714014,19.52089647707079,20.590059794032253,24.30191718871121,48.50032272078616,14.647564837946197,0.5,1.0,0.6666666666666666,0.0,3.0,0.6,4.0,2.0,21.611603985115153
3. Load Profile (No Solar) SuN,3,ridge_only,14.111487982827134,20.842551331192126,5.465750631025692,19.109613048307594,21.152437607920252,24.807764545794406,49.37389724780643,14.911392763359643,1.0,1.0,1.0,0.0,0.0,0.6,2.0,3.0,15.441588859868915
3. Load Profile (No Solar) SuN,3,seasonal,34.425398284375,48.80052083144455,34.295017909375,46.618474327360175,29.87123490243699,41.4128626119441,115.6035008806845,34.913371286036444,1.0,1.0,1.0,0.0,0.0,0.8,6.0,2.0,85.78093199999998
3. Load Profile (No Solar) SuN,4,direct_hgb,11.600981383202537,16.688181691813718,10.954475987472733,26.406875206824346,21.18861273015574,26.974769495258492,40.05936271023247,26.955542401397572,0.8333333333333334,1.0,0.9090909090909091,0.0,4.0,0.0,17.0,10.0,12.76390675642699
3. Load Profile (No Solar) SuN,4,enhanced,30.69964301949552,44.54585667637336,25.547007002794214,69.8804364330494,42.20249962843538,68.3542461279556,106.93068081301126,71.95258001269157,0.0,0.0,0.0,5.0,5.0,0.0,15.0,10.0,68.74857122905877
3. Load Profile (No Solar) SuN,4,enhanced_late_peak_uplift,30.69964301949552,44.54585667637336,25.547007002794214,69.8804364330494,42.20249962843538,68.3542461279556,106.93068081301126,71.95258001269157,0.0,0.0,0.0,5.0,5.0,0.0,15.0,10.0,68.74857122905877
3. Load Profile (No Solar) SuN,4,enhanced_md_calibrated,29.54796911703623,42.42160397466747,24.39533310033492,67.2589246818769,41.49116508455654,65.733973754889,101.83149079714687,68.52138631948021,0.0,0.0,0.0,5.0,5.0,0.0,15.0,10.0,63.09577896978831
3. Load Profile (No Solar) SuN,4,enhanced_peak_confirmed,30.69964301949552,44.54585667637336,25.547007002794214,69.8804364330494,42.20249962843538,68.3542461279556,106.93068081301126,71.95258001269157,0.10416666666666667,1.0,0.18867924528301885,0.0,38.0,0.0,33.0,10.0,68.74857122905877
3. Load Profile (No Solar) SuN,4,enhanced_peak_priority,30.69964301949552,44.54585667637336,25.547007002794214,69.8804364330494,42.20249962843538,68.3542461279556,106.93068081301126,71.95258001269157,0.5,1.0,0.6666666666666666,0.0,6.0,0.0,13.0,10.0,68.74857122905877
3. Load Profile (No Solar) SuN,4,ridge_only,27.379200672537138,38.45654265026384,21.498450531774782,62.32223908825031,40.75155067309823,61.05144627078559,92.31350779001575,62.11683125003649,0.0,0.0,0.0,5.0,5.0,0.0,14.0,10.0,58.17121634001229
3. Load Profile (No Solar) SuN,4,seasonal,29.33560523515625,48.592574562032986,28.711058443489577,66.7755288085449,34.77090039722447,65.14716571718743,116.6446773742511,78.48903063192837,0.0,0.0,0.0,5.0,5.0,0.0,17.0,11.0,74.72103954999997
3. Load Profile (No Solar) SuN,5,direct_hgb,95.39020931213473,134.9616186230096,-91.93843901110934,66.82087842600207,68.88882995524354,45.1735668877475,169.77389073793594,48.599335628477945,0.0,0.0,0.0,5.0,5.0,0.0,12.0,12.0,223.31164661522354
3. Load Profile (No Solar) SuN,5,enhanced,98.50921019718078,135.0774342926787,-98.50921019718078,69.00573974933016,76.77031274447621,50.53348048134517,169.91958013503088,48.64104055658056,0.2,0.2,0.20000000000000004,4.0,4.0,0.0,12.0,2.0,216.92751389644098
3. Load Profile (No Solar) SuN,5,enhanced_late_peak_uplift,91.57271890407912,128.78096276633548,-91.57271890407912,64.14672492231892,72.12033243596842,47.88380053676084,161.9989840436791,46.373697173283745,0.2,0.2,0.20000000000000004,4.0,4.0,0.0,12.0,13.0,51.00829920000001
3. Load Profile (No Solar) SuN,5,enhanced_md_calibrated,99.56863669219844,136.67305106778926,-99.56863669219844,69.74786841783131,77.88355843132388,50.94273272517958,171.92677351935097,49.21561809928652,0.6,0.6,0.6,2.0,2.0,0.4,4.0,2.0,222.31142681623595
3. Load Profile (No Solar) SuN,5,enhanced_peak_confirmed,98.50921019718078,135.0774342926787,-98.50921019718078,69.00573974933016,76.77031274447621,50.53348048134517,169.91958013503088,48.64104055658056,0.45454545454545453,1.0,0.625,0.0,5.0,0.2,8.0,2.0,216.92751389644098
3. Load Profile (No Solar) SuN,5,enhanced_peak_priority,98.50921019718078,135.0774342926787,-98.50921019718078,69.00573974933016,76.77031274447621,50.53348048134517,169.91958013503088,48.64104055658056,0.5,1.0,0.6666666666666666,0.0,4.0,0.2,8.0,2.0,216.92751389644098
3. Load Profile (No Solar) SuN,5,ridge_only,94.32260435549199,129.35635575245598,-94.32260435549199,66.07302074197719,71.94212629900473,48.413687750092,162.72279505716335,46.580894724232316,0.6,0.6,0.6,2.0,2.0,0.0,10.0,2.0,207.09379708108156
3. Load Profile (No Solar) SuN,5,seasonal,98.761766640625,139.37075705751633,-98.70003047395834,69.18265563540258,73.08349117472548,45.91864082470145,175.3203312331358,50.18705516531582,0.4,0.4,0.4000000000000001,3.0,3.0,0.2,41.0,12.0,217.18555545000004
3. Load Profile (No Solar) SuN,6,direct_hgb,11.694444316883292,15.205645718565105,-6.168445372677385,8.214234716708098,11.231960137798733,10.6258289111126,16.33514767191339,5.6629760696127684,0.8,0.8,0.8000000000000002,1.0,1.0,0.4,7.0,6.0,20.906805405991122
3. Load Profile (No Solar) SuN,6,enhanced,13.956133345524764,23.835740008774806,-4.673609476769478,9.802856119662957,11.856231217809247,11.328195547256536,25.6063004570261,8.877046576614637,1.0,1.0,1.0,0.0,0.0,0.8,4.0,1.0,8.945689407964153
3. Load Profile (No Solar) SuN,6,enhanced_late_peak_uplift,13.956133345524764,23.835740008774806,-4.673609476769478,9.802856119662957,11.856231217809247,11.328195547256536,25.6063004570261,8.877046576614637,1.0,1.0,1.0,0.0,0.0,0.8,4.0,1.0,8.945689407964153
3. Load Profile (No Solar) SuN,6,enhanced_md_calibrated,14.570967440362617,24.16268541946172,-6.998859324815567,10.234718586145577,12.0996328862089,11.541725852102596,25.95753194453238,8.998809510662822,1.0,1.0,1.0,0.0,1.0,0.6,6.0,2.0,11.683044156753056
3. Load Profile (No Solar) SuN,6,enhanced_peak_confirmed,13.956133345524764,23.835740008774806,-4.673609476769478,9.802856119662957,11.856231217809247,11.328195547256536,25.6063004570261,8.877046576614637,0.10416666666666667,1.0,0.18867924528301885,0.0,39.0,0.0,29.0,1.0,8.945689407964153
3. Load Profile (No Solar) SuN,6,enhanced_peak_priority,13.956133345524764,23.835740008774806,-4.673609476769478,9.802856119662957,11.856231217809247,11.328195547256536,25.6063004570261,8.877046576614637,0.5,1.0,0.6666666666666666,0.0,2.0,0.4,2.0,1.0,8.945689407964153
3. Load Profile (No Solar) SuN,6,ridge_only,15.193021654146392,26.86912114975542,-6.927712382765147,10.671652499385079,11.598140026408892,10.93644008443299,28.865006453484852,10.006756233759596,1.0,1.0,1.0,0.0,0.0,0.6,1.0,0.0,13.261480810308456
3. Load Profile (No Solar) SuN,6,seasonal,11.918195127083331,13.700449399614273,-2.664534058333338,8.371398376924368,14.199738276296358,13.135702113704841,14.718142738327282,5.102401997846736,1.0,1.0,1.0,0.0,2.0,0.4,12.0,8.0,2.9444915000000265
3. Load Profile (No Solar) SuN,7,direct_hgb,6.7192110384047945,10.646602093355902,0.3981220241093825,4.947957848872596,6.61735501655461,6.741437642499106,11.71207277812774,4.24503634486434,0.6,0.6,0.6,2.0,2.0,0.0,9.0,3.0,6.311016767111113
3. Load Profile (No Solar) SuN,7,enhanced,12.107609846447938,17.345254462597037,3.0434862429508454,8.915919269153052,12.51687318410499,13.530271630818614,19.081100320998953,6.9159375882559715,0.8,0.8,0.8000000000000002,1.0,0.0,0.4,8.0,3.0,9.766789029679444
3. Load Profile (No Solar) SuN,7,enhanced_late_peak_uplift,12.107609846447938,17.345254462597037,3.0434862429508454,8.915919269153052,12.51687318410499,13.530271630818614,19.081100320998953,6.9159375882559715,0.8,0.8,0.8000000000000002,1.0,0.0,0.4,8.0,3.0,9.766789029679444
3. Load Profile (No Solar) SuN,7,enhanced_md_calibrated,11.966739347176755,17.22779885497982,2.8132559737430616,8.812183683448197,12.461806119498435,13.471138018353034,18.95189021128042,6.869105432900568,0.8,0.8,0.8000000000000002,1.0,0.0,0.4,8.0,3.0,8.620346938614546
3. Load Profile (No Solar) SuN,7,enhanced_peak_confirmed,12.107609846447938,17.345254462597037,3.0434862429508454,8.915919269153052,12.51687318410499,13.530271630818614,19.081100320998953,6.9159375882559715,1.0,0.8,0.888888888888889,1.0,1.0,0.6,33.0,3.0,9.766789029679444
3. Load Profile (No Solar) SuN,7,enhanced_peak_priority,12.107609846447938,17.345254462597037,3.0434862429508454,8.915919269153052,12.51687318410499,13.530271630818614,19.081100320998953,6.9159375882559715,0.5,1.0,0.6666666666666666,0.0,1.0,0.6,5.0,3.0,9.766789029679444
3. Load Profile (No Solar) SuN,7,ridge_only,13.014895088853798,19.34392568641217,2.252846094054823,9.584034783112878,13.74921304037167,14.927388866185742,21.279790816577894,7.712852126071235,1.0,1.0,1.0,0.0,0.0,0.6,7.0,3.0,6.358588226819677
3. Load Profile (No Solar) SuN,7,seasonal,7.5276120906249995,9.632970064818421,3.3587136177083283,5.543256062979508,7.5756157632002274,7.784310096580627,10.597000383726817,3.840878777620849,0.6,0.6,0.6,2.0,0.0,0.2,8.0,3.0,11.667129499999987
3. Load Profile (No Solar) SuN,8,direct_hgb,19.525531470961667,27.114515525241455,-15.110724640751252,13.332876339662743,12.668666986945945,12.106937530057545,27.400563710092968,9.563002150432416,0.42857142857142855,0.6,0.5,2.0,4.0,0.2,16.0,10.0,51.02168574166967
3. Load Profile (No Solar) SuN,8,enhanced,20.711768547098206,31.941883181808276,-13.356334218769474,14.142890257551382,12.846291091791946,12.687405118784742,32.27885832327409,11.265563541865035,0.0,0.0,0.0,5.0,5.0,0.0,15.0,11.0,43.87426269105799
3. Load Profile (No Solar) SuN,8,enhanced_late_peak_uplift,20.711768547098206,31.941883181808276,-13.356334218769474,14.142890257551382,12.846291091791946,12.687405118784742,32.27885832327409,11.265563541865035,0.0,0.0,0.0,5.0,5.0,0.0,15.0,11.0,43.87426269105799
3. Load Profile (No Solar) SuN,8,enhanced_md_calibrated,22.550438482178844,33.63304608099428,-15.195004153850109,15.398413514900056,13.638404543750434,13.393422260781099,33.98786237020807,11.862018766248148,0.8,0.8,0.8000000000000002,1.0,4.0,0.2,15.0,7.0,48.90037657169498
3. Load Profile (No Solar) SuN,8,enhanced_peak_confirmed,20.711768547098206,31.941883181808276,-13.356334218769474,14.142890257551382,12.846291091791946,12.687405118784742,32.27885832327409,11.265563541865035,0.2727272727272727,0.6,0.37499999999999994,2.0,8.0,0.0,31.0,11.0,43.87426269105799
3. Load Profile (No Solar) SuN,8,enhanced_peak_priority,20.711768547098206,31.941883181808276,-13.356334218769474,14.142890257551382,12.846291091791946,12.687405118784742,32.27885832327409,11.265563541865035,0.3,0.6,0.4,2.0,7.0,0.0,16.0,11.0,43.87426269105799
3. Load Profile (No Solar) SuN,8,ridge_only,21.80818967685526,33.462438674237674,-13.555918003240118,14.8915739674409,14.248391781135908,13.997274186695577,33.81545511794142,11.801847342710289,0.0,0.0,0.0,5.0,5.0,0.0,16.0,10.0,43.6917091632215
3. Load Profile (No Solar) SuN,8,seasonal,16.514305408333335,25.981111984212927,-15.868535122916668,11.27668110710267,9.235924129011385,8.627541536139157,26.255203177787436,9.163262738158075,0.0,0.0,0.0,5.0,5.0,0.0,15.0,11.0,45.38095999999999
3. Load Profile (No Solar) SuN,9,direct_hgb,27.27832828268107,35.84346713826146,-27.12827052421679,18.015252257382155,19.67679360210294,17.641622606664487,35.48707048933704,11.641079923437898,0.7142857142857143,1.0,0.8333333333333333,0.0,0.0,0.8,1.0,0.0,83.598537870797
3. Load Profile (No Solar) SuN,9,enhanced,19.45186258130307,28.827561336016874,-11.777521576674639,12.846469462741773,13.592376585526807,13.065099641146357,28.540924827969576,9.36248561602341,0.2,0.2,0.20000000000000004,4.0,1.0,0.0,14.0,8.0,36.651974882559614
3. Load Profile (No Solar) SuN,9,enhanced_late_peak_uplift,19.45186258130307,28.827561336016874,-11.777521576674639,12.846469462741773,13.592376585526807,13.065099641146357,28.540924827969576,9.36248561602341,0.2,0.2,0.20000000000000004,4.0,1.0,0.0,14.0,8.0,36.651974882559614
3. Load Profile (No Solar) SuN,9,enhanced_md_calibrated,19.45043198195305,28.846399628882075,-11.858106135500757,12.845524661143127,13.592319902110727,13.062954546406313,28.55957580903197,9.368603831987814,0.2,0.2,0.20000000000000004,4.0,1.0,0.0,14.0,8.0,37.06135164442577
3. Load Profile (No Solar) SuN,9,enhanced_peak_confirmed,19.45186258130307,28.827561336016874,-11.777521576674639,12.846469462741773,13.592376585526807,13.065099641146357,28.540924827969576,9.36248561602341,0.8,0.8,0.8000000000000002,1.0,0.0,0.4,31.0,8.0,36.651974882559614
3. Load Profile (No Solar) SuN,9,enhanced_peak_priority,19.45186258130307,28.827561336016874,-11.777521576674639,12.846469462741773,13.592376585526807,13.065099641146357,28.540924827969576,9.36248561602341,0.4,0.8,0.5333333333333333,1.0,2.0,0.0,12.0,8.0,36.651974882559614
3. Load Profile (No Solar) SuN,9,ridge_only,20.157322887132068,29.91765097960806,-13.27631347826552,13.312372110271252,14.473690726562738,13.826148430235444,29.62017555649419,9.716520023906096,0.2,0.2,0.20000000000000004,4.0,1.0,0.2,11.0,7.0,38.26323335075409
3. Load Profile (No Solar) SuN,9,seasonal,18.396747976041667,27.26002905653588,-10.991921276041671,12.149646857732632,12.116544190821559,11.323123669225994,26.988978743019736,8.853389537856119,0.2,0.2,0.20000000000000004,4.0,3.0,0.0,17.0,9.0,32.06271099999998
3. Load Profile (No Solar) SuN,10,direct_hgb,30.962837840966248,41.305122676003734,-23.37287628376454,34.098956053940896,32.77929984776782,28.338226955934516,68.58201387609635,27.54640438361909,0.0,0.0,0.0,5.0,5.0,0.0,13.0,13.0,59.461506482658194
3. Load Profile (No Solar) SuN,10,enhanced,51.113623363194186,69.19434512174351,40.101682007194356,56.290744594257575,40.39359744813172,56.32179099703515,114.88859564733144,46.14573903421847,0.6,0.6,0.6,2.0,4.0,0.2,8.0,8.0,115.91561754733314
3. Load Profile (No Solar) SuN,10,enhanced_late_peak_uplift,51.113623363194186,69.19434512174351,40.101682007194356,56.290744594257575,40.39359744813172,56.32179099703515,114.88859564733144,46.14573903421847,0.6,0.6,0.6,2.0,4.0,0.2,8.0,8.0,115.91561754733314
3. Load Profile (No Solar) SuN,10,enhanced_md_calibrated,52.89474436303319,72.2649655280573,41.88280300703336,58.25226914869958,41.012258233430856,57.821764369544624,119.98697855169647,48.19353712658564,0.6,0.6,0.6,2.0,4.0,0.2,8.0,8.0,125.07839491871803
3. Load Profile (No Solar) SuN,10,enhanced_peak_confirmed,51.113623363194186,69.19434512174351,40.101682007194356,56.290744594257575,40.39359744813172,56.32179099703515,114.88859564733144,46.14573903421847,0.10416666666666667,1.0,0.18867924528301885,0.0,36.0,0.0,24.0,8.0,115.91561754733314
3. Load Profile (No Solar) SuN,10,enhanced_peak_priority,51.113623363194186,69.19434512174351,40.101682007194356,56.290744594257575,40.39359744813172,56.32179099703515,114.88859564733144,46.14573903421847,0.4,0.8,0.5333333333333333,1.0,5.0,0.0,9.0,8.0,115.91561754733314
3. Load Profile (No Solar) SuN,10,ridge_only,45.35098002165932,62.38338621272902,34.21533542448137,49.944423140558406,37.12656440191,51.39932576356562,103.5798463168538,41.603507558002015,0.8,0.8,0.8000000000000002,1.0,4.0,0.0,9.0,8.0,96.13870839094935
3. Load Profile (No Solar) SuN,10,seasonal,61.95772068958333,86.21090203371577,56.898298587499994,68.23320284296382,40.39204054818417,63.427482803381096,143.14246990439187,57.49408828355685,0.8,0.8,0.8000000000000002,1.0,3.0,0.2,7.0,7.0,151.02971749999998
4. Load Profile (With Solar) Mi2,1,direct_hgb,201.23138301408622,230.84971445709618,48.778655491484606,18.130995203431578,19.143807067232142,21.680101215925067,20.93874961062097,15.41052833491964,0.0,0.0,0.0,5.0,7.0,0.0,18.0,10.0,216.42349795003906
4. Load Profile (With Solar) Mi2,1,enhanced,212.65114296271335,250.01659804131654,-107.42216574116674,19.159918275725946,20.02583048961184,19.15335392292322,22.677242452727125,16.69002657151646,1.0,1.0,1.0,0.0,1.0,0.8,2.0,1.0,202.61091275333342
4. Load Profile (With Solar) Mi2,1,enhanced_late_peak_uplift,200.3548149995576,241.9609816939146,-95.12583777801099,18.052016218002713,19.009902019951276,18.253927328661444,21.94657430330291,16.152268470888824,0.8,0.8,0.8000000000000002,1.0,3.0,0.4,5.0,7.0,191.37599999999998
4. Load Profile (With Solar) Mi2,1,enhanced_md_calibrated,212.65114296271335,250.01659804131654,-107.42216574116674,19.159918275725946,20.02583048961184,19.15335392292322,22.677242452727125,16.69002657151646,1.0,1.0,1.0,0.0,1.0,0.8,2.0,1.0,202.61091275333342
4. Load Profile (With Solar) Mi2,1,enhanced_peak_confirmed,212.65114296271335,250.01659804131654,-107.42216574116674,19.159918275725946,20.02583048961184,19.15335392292322,22.677242452727125,16.69002657151646,0.10416666666666667,1.0,0.18867924528301885,0.0,40.0,0.0,46.0,1.0,202.61091275333342
4. Load Profile (With Solar) Mi2,1,enhanced_peak_priority,212.65114296271335,250.01659804131654,-107.42216574116674,19.159918275725946,20.02583048961184,19.15335392292322,22.677242452727125,16.69002657151646,0.5,1.0,0.6666666666666666,0.0,5.0,0.8,2.0,1.0,202.61091275333342
4. Load Profile (With Solar) Mi2,1,ridge_only,233.76166231805533,259.6161717524279,-84.62428680125296,21.061981062557077,22.389208317522524,22.20677019314861,23.547952086388015,17.330852586944452,0.8,0.8,0.8000000000000002,1.0,2.0,0.6,4.0,45.0,191.42770798376432
4. Load Profile (With Solar) Mi2,1,seasonal,183.5291666666666,226.25362059718142,-71.32083333333327,16.536021323722636,17.733005215198236,17.43044391377401,20.521870348950696,15.10371299046605,1.0,1.0,1.0,0.0,1.0,0.8,2.0,1.0,66.59999999999991
4. Load Profile (With Solar) Mi2,2,direct_hgb,173.70443073525416,200.35262650134757,-36.26532814440845,14.49777029662534,15.6390133145908,16.856540852842553,16.07321512245067,13.052288371423295,0.6,0.6,0.6,2.0,0.0,0.4,12.0,6.0,266.4993822688889
4. Load Profile (With Solar) Mi2,2,enhanced,152.22322741930876,177.35812521747178,-100.86586119783796,12.704899786348388,13.608953127113143,13.231562386942775,14.228489788806401,11.554275258467218,0.4,0.4,0.4000000000000001,3.0,4.0,0.0,16.0,13.0,212.58664751854508
4. Load Profile (With Solar) Mi2,2,enhanced_late_peak_uplift,144.29039349001772,167.87636323382324,-92.93302726854692,12.04280726734164,12.990108365154738,12.695476771450767,13.467818951770818,10.936570894711613,0.4,0.4,0.4000000000000001,3.0,2.0,0.4,6.0,5.0,182.79200000000014
4. Load Profile (With Solar) Mi2,2,enhanced_md_calibrated,137.9581284874891,161.82884533084172,-60.557802850826725,11.514301902939396,12.418869413784666,12.275307364484224,12.98265907186857,10.542595787025519,0.4,0.4,0.4000000000000001,3.0,4.0,0.0,18.0,13.0,5.748888098356929
4. Load Profile (With Solar) Mi2,2,enhanced_peak_confirmed,152.22322741930876,177.35812521747178,-100.86586119783796,12.704899786348388,13.608953127113143,13.231562386942775,14.228489788806401,11.554275258467218,0.10416666666666667,1.0,0.18867924528301885,0.0,32.0,0.0,33.0,13.0,212.58664751854508
4. Load Profile (With Solar) Mi2,2,enhanced_peak_priority,152.22322741930876,177.35812521747178,-100.86586119783796,12.704899786348388,13.608953127113143,13.231562386942775,14.228489788806401,11.554275258467218,0.5,1.0,0.6666666666666666,0.0,4.0,0.4,10.0,13.0,212.58664751854508
4. Load Profile (With Solar) Mi2,2,ridge_only,169.9838436785594,197.77272348555718,-84.93263824719197,14.18724156521509,15.172176861108822,15.109979850229472,15.866243360253284,12.88421651371708,0.4,0.4,0.4000000000000001,3.0,3.0,0.2,23.0,32.0,188.63995035495077
4. Load Profile (With Solar) Mi2,2,seasonal,106.70833333333333,131.48987920495378,-26.295833333333366,8.906122307036915,9.805418825422892,9.920120548107736,10.5487267713561,8.56611590911751,0.4,0.4,0.4000000000000001,3.0,4.0,0.0,20.0,13.0,55.600000000000136
4. Load Profile (With Solar) Mi2,3,direct_hgb,125.351660580574,156.57010782892857,46.86992919183279,11.029824765572679,11.982922087667687,13.284037837791542,13.135076160145015,10.458925038672584,0.6,0.6,0.6,2.0,0.0,0.6,4.0,2.0,177.87327335659256
4. Load Profile (With Solar) Mi2,3,enhanced,113.37656056942683,133.4594936879111,5.348189157698411,9.976123090928649,10.625071155259713,11.06203782661339,11.19626624898583,8.915129838871817,0.8,0.8,0.8000000000000002,1.0,1.0,0.4,7.0,3.0,140.1894200035215
4. Load Profile (With Solar) Mi2,3,enhanced_late_peak_uplift,112.76244133188838,132.91210710571826,5.962308395236877,9.922086091786845,10.57816984348025,11.018849057747566,11.150344555848847,8.878564268919055,0.8,0.8,0.8000000000000002,1.0,0.0,0.6,5.0,3.0,140.1894200035215
4. Load Profile (With Solar) Mi2,3,enhanced_md_calibrated,136.61256429603665,161.84936513951143,47.8554095709678,12.020683555223112,12.265333312392075,13.051125519780197,13.577966874120087,10.811580837642714,0.8,0.8,0.8000000000000002,1.0,1.0,0.4,6.0,3.0,74.9775970926712
4. Load Profile (With Solar) Mi2,3,enhanced_peak_confirmed,113.37656056942683,133.4594936879111,5.348189157698411,9.976123090928649,10.625071155259713,11.06203782661339,11.19626624898583,8.915129838871817,0.0,0.0,0.0,5.0,1.0,0.0,37.0,3.0,140.1894200035215
4. Load Profile (With Solar) Mi2,3,enhanced_peak_priority,113.37656056942683,133.4594936879111,5.348189157698411,9.976123090928649,10.625071155259713,11.06203782661339,11.19626624898583,8.915129838871817,0.5,1.0,0.6666666666666666,0.0,4.0,0.4,2.0,3.0,140.1894200035215
4. Load Profile (With Solar) Mi2,3,ridge_only,144.70475524130822,176.58996154639806,10.77730659349048,12.732723967631745,13.62049066899452,14.4156005054733,14.814594089462924,11.796256616325854,0.8,0.8,0.8000000000000002,1.0,1.0,0.2,7.0,2.0,167.00535591767493
4. Load Profile (With Solar) Mi2,3,seasonal,108.08125,141.41097390820372,84.17291666666667,9.510183131381641,9.660302250754553,10.493450143495114,11.863336737265413,9.446290842231377,0.8,0.8,0.8000000000000002,1.0,1.0,0.4,6.0,1.0,17.200000000000045
4. Load Profile (With Solar) Mi2,4,direct_hgb,230.99728131316112,313.4624339901166,206.16507363793812,24.072665008753223,24.685913662716686,34.019134990879046,32.0022903512115,22.96428087839682,0.0,0.0,0.0,5.0,6.0,0.0,14.0,8.0,69.32015006769802
4. Load Profile (With Solar) Mi2,4,enhanced,186.35153616626963,263.72142193139496,134.88050817444778,19.420047190579552,20.447538535306663,27.058917618988815,26.924085955221535,19.320250690944686,0.0,0.0,0.0,5.0,5.0,0.0,14.0,10.0,48.70171899538491
4. Load Profile (With Solar) Mi2,4,enhanced_late_peak_uplift,193.36099304986274,278.2873047644894,141.88996505804096,20.150515993038237,20.92982802564826,28.081386353852295,28.411159240887127,20.38734833439483,0.0,0.0,0.0,5.0,5.0,0.0,14.0,10.0,13.519999999999982
4. Load Profile (With Solar) Mi2,4,enhanced_md_calibrated,226.72495932281097,321.9464884777244,175.28879237592056,23.62743822730119,23.281860880538208,31.902000229207616,32.86845211615359,23.585823331701423,0.2,0.2,0.20000000000000004,4.0,4.0,0.0,16.0,10.0,157.17958631717443
4. Load Profile (With Solar) Mi2,4,enhanced_peak_confirmed,186.35153616626963,263.72142193139496,134.88050817444778,19.420047190579552,20.447538535306663,27.058917618988815,26.924085955221535,19.320250690944686,0.0,0.0,0.0,5.0,1.0,0.0,47.0,10.0,48.70171899538491
4. Load Profile (With Solar) Mi2,4,enhanced_peak_priority,186.35153616626963,263.72142193139496,134.88050817444778,19.420047190579552,20.447538535306663,27.058917618988815,26.924085955221535,19.320250690944686,0.1,0.2,0.13333333333333333,4.0,8.0,0.0,19.0,10.0,48.70171899538491
4. Load Profile (With Solar) Mi2,4,ridge_only,208.26779926571615,276.10156885489454,126.38814089371363,21.703982554829302,22.72242310738328,29.64628631635962,28.188011113312356,20.227221161530736,0.2,0.2,0.20000000000000004,4.0,4.0,0.0,9.0,9.0,37.27915118944861
4. Load Profile (With Solar) Mi2,4,seasonal,220.32291666666666,319.6314651933796,214.77708333333328,22.960269214068607,22.619928927983622,31.20093472209194,32.63210466496984,23.416224556291546,0.2,0.2,0.20000000000000004,4.0,4.0,0.0,16.0,10.0,111.89999999999986
4. Load Profile (With Solar) Mi2,5,direct_hgb,188.51980089882545,240.26673826059667,93.90699344473165,17.921907752161022,19.922038993493736,25.547933688715048,22.570853758628154,16.57011988004115,0.8333333333333334,1.0,0.9090909090909091,0.0,0.0,0.8,4.0,1.0,208.11685620173716
4. Load Profile (With Solar) Mi2,5,enhanced,210.20795832617583,284.71330915013135,-62.19696411780226,19.983723831289616,21.977584132071197,23.827270892529082,26.746200953511636,19.63540063104354,0.0,0.0,0.0,5.0,5.0,0.0,44.0,9.0,213.81270581223316
4. Load Profile (With Solar) Mi2,5,enhanced_late_peak_uplift,204.34697812091625,281.2858266386303,-55.223317245876025,19.426541264391634,21.480134168552905,23.389234691748932,26.4242204451508,19.39902252680209,0.4,0.4,0.4000000000000001,3.0,3.0,0.2,44.0,5.0,162.29600000000005
4. Load Profile (With Solar) Mi2,5,enhanced_md_calibrated,198.7982655928745,281.4934502916014,-30.482397660708575,18.899044876231358,20.999238486798617,22.95810324624942,26.44372478079863,19.413341399420787,0.0,0.0,0.0,5.0,5.0,0.0,44.0,9.0,53.273960897783354
4. Load Profile (With Solar) Mi2,5,enhanced_peak_confirmed,210.20795832617583,284.71330915013135,-62.19696411780226,19.983723831289616,21.977584132071197,23.827270892529082,26.746200953511636,19.63540063104354,0.0,0.0,0.0,5.0,1.0,0.0,39.0,9.0,213.81270581223316
4. Load Profile (With Solar) Mi2,5,enhanced_peak_priority,210.20795832617583,284.71330915013135,-62.19696411780226,19.983723831289616,21.977584132071197,23.827270892529082,26.746200953511636,19.63540063104354,0.2,0.4,0.26666666666666666,3.0,8.0,0.0,29.0,9.0,213.81270581223316
4. Load Profile (With Solar) Mi2,5,ridge_only,215.08895095727482,279.9045028888412,-72.3332751412844,20.44774246093203,22.810704920909608,24.368115830763116,26.29445776316028,19.303758819920084,0.0,0.0,0.0,5.0,5.0,0.0,41.0,10.0,213.78363809821667
4. Load Profile (With Solar) Mi2,5,seasonal,186.52083333333334,276.0592991852777,-8.525000000000027,17.73187300707057,18.817085109392604,21.03673275092816,25.933236184619794,19.03857235760536,0.0,0.0,0.0,5.0,5.0,0.0,42.0,9.0,99.10000000000014
4. Load Profile (With Solar) Mi2,6,direct_hgb,158.13348481735161,193.47935956164636,-25.650868684416924,15.168679598786726,16.464959725552454,18.689576593061574,17.462036061520433,14.492835922220703,0.0,0.0,0.0,5.0,6.0,0.0,18.0,34.0,226.67767152389956
4. Load Profile (With Solar) Mi2,6,enhanced,170.06034633481406,195.4756704548164,-63.61359667616102,16.31274305369919,17.96001225302032,17.876503079492768,17.642208524802925,14.642372318712837,0.8,0.8,0.8000000000000002,1.0,1.0,0.4,10.0,2.0,151.06594429121242
4. Load Profile (With Solar) Mi2,6,enhanced_late_peak_uplift,170.06034633481406,195.4756704548164,-63.61359667616102,16.31274305369919,17.96001225302032,17.876503079492768,17.642208524802925,14.642372318712837,0.8,0.8,0.8000000000000002,1.0,1.0,0.4,10.0,2.0,151.06594429121242
4. Load Profile (With Solar) Mi2,6,enhanced_md_calibrated,181.72057166090056,205.23864491625443,-26.3143309662786,17.43122989553003,18.838690172836824,18.99641973372634,18.52334340399408,15.373681267135161,0.8,0.8,0.8000000000000002,1.0,1.0,0.4,13.0,2.0,34.11236393181798
4. Load Profile (With Solar) Mi2,6,enhanced_peak_confirmed,170.06034633481406,195.4756704548164,-63.61359667616102,16.31274305369919,17.96001225302032,17.876503079492768,17.642208524802925,14.642372318712837,0.10416666666666667,1.0,0.18867924528301885,0.0,35.0,0.0,44.0,2.0,151.06594429121242
4. Load Profile (With Solar) Mi2,6,enhanced_peak_priority,170.06034633481406,195.4756704548164,-63.61359667616102,16.31274305369919,17.96001225302032,17.876503079492768,17.642208524802925,14.642372318712837,0.1,0.2,0.13333333333333333,4.0,9.0,0.0,17.0,2.0,151.06594429121242
4. Load Profile (With Solar) Mi2,6,ridge_only,187.90453261193593,218.73207678046438,-84.22456308279817,18.024415598267236,19.939153700418398,19.916427449095643,19.74116216430184,16.384425227001078,0.8,0.8,0.8000000000000002,1.0,1.0,0.4,6.0,43.0,135.81619764089032
4. Load Profile (With Solar) Mi2,6,seasonal,149.80416666666667,187.23413261653621,7.470833333333257,14.369704236610712,15.366153107634808,15.701477648854137,16.898387420265003,14.025028660414698,0.8,0.8,0.8000000000000002,1.0,2.0,0.4,13.0,36.0,28.09999999999991
4. Load Profile (With Solar) Mi2,7,direct_hgb,140.2707549353448,180.87274722042486,32.944235347114805,14.749816502139305,15.342728718847818,17.50320185975578,19.009221988483958,13.558676703180275,0.5714285714285714,0.8,0.6666666666666666,1.0,3.0,0.4,12.0,43.0,187.04083969711542
4. Load Profile (With Solar) Mi2,7,enhanced,130.41083138167156,158.05849307268448,-1.2032067021144215,13.713021175780396,13.95957169836427,14.603484110817119,16.611507416992588,11.848462749076798,0.0,0.0,0.0,5.0,5.0,0.0,16.0,43.0,123.95179980808962
4. Load Profile (With Solar) Mi2,7,enhanced_late_peak_uplift,130.41083138167156,158.05849307268448,-1.2032067021144215,13.713021175780396,13.95957169836427,14.603484110817119,16.611507416992588,11.848462749076798,0.0,0.0,0.0,5.0,5.0,0.0,16.0,43.0,123.95179980808962
4. Load Profile (With Solar) Mi2,7,enhanced_md_calibrated,144.57516007429444,189.0995388531695,31.900796290347017,15.202435339042529,15.02696409604849,16.407918799961273,19.87383487684388,14.17537772512515,0.0,0.0,0.0,5.0,5.0,0.0,10.0,43.0,47.87861195253481
4. Load Profile (With Solar) Mi2,7,enhanced_peak_confirmed,130.41083138167156,158.05849307268448,-1.2032067021144215,13.713021175780396,13.95957169836427,14.603484110817119,16.611507416992588,11.848462749076798,0.0,0.0,0.0,5.0,1.0,0.2,5.0,43.0,123.95179980808962
4. Load Profile (With Solar) Mi2,7,enhanced_peak_priority,130.41083138167156,158.05849307268448,-1.2032067021144215,13.713021175780396,13.95957169836427,14.603484110817119,16.611507416992588,11.848462749076798,0.5,1.0,0.6666666666666666,0.0,4.0,0.2,2.0,43.0,123.95179980808962
4. Load Profile (With Solar) Mi2,7,ridge_only,143.25544702984834,168.2452859300099,-14.905680751203796,15.063664251298459,15.448353863128192,15.962185272590245,17.682110975303196,12.612090399550969,0.0,0.0,0.0,5.0,5.0,0.0,16.0,4.0,124.4821219514763
4. Load Profile (With Solar) Mi2,7,seasonal,131.45416666666665,175.26844054192983,46.9083333333333,13.822730459165788,13.763496919218888,14.841317530888935,18.420224964995256,13.138563758765356,0.0,0.0,0.0,5.0,5.0,0.0,11.0,43.0,2.6000000000001364
4. Load Profile (With Solar) Mi2,8,direct_hgb,157.48816796941162,195.31466925565897,74.36051370851675,15.677614298668043,16.84914222573646,19.9005897664451,19.869244074838143,14.425012500417944,0.2857142857142857,0.4,0.3333333333333333,3.0,3.0,0.4,2.0,3.0,128.13294421977366
4. Load Profile (With Solar) Mi2,8,enhanced,139.00410498758887,173.06479828288818,26.05197809308901,13.83756489154313,14.523678410557242,15.99040602443749,17.605778055227688,12.781742856934136,0.6,0.6,0.6,2.0,1.0,0.4,17.0,7.0,72.64774078544315
4. Load Profile (With Solar) Mi2,8,enhanced_late_peak_uplift,134.10741834432534,169.58085300373386,35.80863648696073,13.350110084465586,14.119832661107598,15.638378657708833,17.251358393055327,12.524435229227022,1.0,1.0,1.0,0.0,0.0,0.6,1.0,0.0,52.39200000000005
4. Load Profile (With Solar) Mi2,8,enhanced_md_calibrated,144.14107369809844,175.9969149532761,58.17348492905672,14.348939270622433,14.865581295719327,16.482396821698657,17.904060524239686,12.998295048247865,0.6,0.6,0.6,2.0,1.0,0.6,9.0,7.0,90.84843374772504
4. Load Profile (With Solar) Mi2,8,enhanced_peak_confirmed,139.00410498758887,173.06479828288818,26.05197809308901,13.83756489154313,14.523678410557242,15.99040602443749,17.605778055227688,12.781742856934136,0.10416666666666667,1.0,0.18867924528301885,0.0,35.0,0.0,39.0,7.0,72.64774078544315
4. Load Profile (With Solar) Mi2,8,enhanced_peak_priority,139.00410498758887,173.06479828288818,26.05197809308901,13.83756489154313,14.523678410557242,15.99040602443749,17.605778055227688,12.781742856934136,0.5,1.0,0.6666666666666666,0.0,2.0,0.6,9.0,7.0,72.64774078544315
4. Load Profile (With Solar) Mi2,8,ridge_only,151.04231084881255,188.4296233937813,48.25332678197967,15.035942844462653,15.955868153404365,18.160203278339072,19.16883249173767,13.916515760249727,0.6,0.6,0.6,2.0,1.0,0.4,14.0,8.0,32.88540725531084
4. Load Profile (With Solar) Mi2,8,seasonal,151.34166666666667,201.33996953743022,67.39166666666672,15.06574308349579,15.277530720312804,17.25923793966532,20.482194256096665,14.87001252122823,0.6,0.6,0.6,2.0,1.0,0.4,18.0,7.0,25.600000000000364
4. Load Profile (With Solar) Mi2,9,direct_hgb,147.84643003243343,174.51725696439982,79.04985988596371,13.884195100183526,15.029017040905535,17.614351766174284,16.31764908503037,12.246825050133321,0.625,1.0,0.7692307692307693,0.0,0.0,0.4,9.0,2.0,183.13181905402848
4. Load Profile (With Solar) Mi2,9,enhanced,131.20998242796676,158.79323471914753,-7.957184710165206,12.321873410956908,13.084857942431658,13.792131373505415,14.847427276217628,11.143384892571756,1.0,1.0,1.0,0.0,1.0,0.2,12.0,4.0,93.60152117920279
4. Load Profile (With Solar) Mi2,9,enhanced_late_peak_uplift,124.12906499177564,153.29859321831603,0.09412944182602463,11.656907478733846,12.52266285424052,13.279085026525529,14.333669305125389,10.757796015320423,0.6,0.6,0.6,2.0,1.0,0.4,3.0,1.0,55.89599999999996
4. Load Profile (With Solar) Mi2,9,enhanced_md_calibrated,144.29194488034378,178.95453083182605,21.703547659464846,13.5503949176462,14.037091904230383,15.149757124061361,16.73254145225115,12.558212689952706,0.6,0.6,0.6,2.0,2.0,0.2,6.0,4.0,60.12131521424635
4. Load Profile (With Solar) Mi2,9,enhanced_peak_confirmed,131.20998242796676,158.79323471914753,-7.957184710165206,12.321873410956908,13.084857942431658,13.792131373505415,14.847427276217628,11.143384892571756,0.0,0.0,0.0,5.0,1.0,0.0,37.0,4.0,93.60152117920279
4. Load Profile (With Solar) Mi2,9,enhanced_peak_priority,131.20998242796676,158.79323471914753,-7.957184710165206,12.321873410956908,13.084857942431658,13.792131373505415,14.847427276217628,11.143384892571756,0.3,0.6,0.4,2.0,5.0,0.2,2.0,4.0,93.60152117920279
4. Load Profile (With Solar) Mi2,9,ridge_only,164.54486837401114,190.99540610175094,7.983439571163944,15.452338313056432,16.480067848504646,17.84051618765701,17.85838299221608,13.403186393105331,0.8,0.8,0.8000000000000002,1.0,2.0,0.2,13.0,2.0,110.10224581226407
4. Load Profile (With Solar) Mi2,9,seasonal,126.53333333333335,157.6062366574792,19.212499999999974,11.882691291843562,12.570411124721579,13.27251814626884,14.73644101519207,11.060086782980997,1.0,1.0,1.0,0.0,1.0,0.2,13.0,4.0,6.0
4. Load Profile (With Solar) Mi2,10,direct_hgb,172.98552168812466,212.8342660454846,131.81580652949367,16.929282200807357,17.659740253637647,21.33837094878671,20.415756934818667,15.25693663408492,0.0,0.0,0.0,5.0,6.0,0.0,24.0,30.0,163.59361248765572
4. Load Profile (With Solar) Mi2,10,enhanced,106.06915025748778,138.64416191985396,34.92579083494177,10.380490575079849,11.071646809571378,12.18668435119974,13.299200184158654,9.938649599989532,0.2,0.2,0.20000000000000004,4.0,3.0,0.2,18.0,31.0,66.96294252784173
4. Load Profile (With Solar) Mi2,10,enhanced_late_peak_uplift,106.43710455678506,138.97331699288927,35.29374513423904,10.416500537699926,11.10194519073956,12.220883437407759,13.330773812267555,9.962244945726829,0.2,0.2,0.20000000000000004,4.0,3.0,0.2,18.0,31.0,66.96294252784173
4. Load Profile (With Solar) Mi2,10,enhanced_md_calibrated,131.48873221874945,171.10767814950157,61.823133569396056,12.868185916569765,12.984304733573687,14.483569050074733,16.413206537122452,12.265783379892584,0.2,0.2,0.20000000000000004,4.0,3.0,0.2,18.0,31.0,70.25351758458464
4. Load Profile (With Solar) Mi2,10,enhanced_peak_confirmed,106.06915025748778,138.64416191985396,34.92579083494177,10.380490575079849,11.071646809571378,12.18668435119974,13.299200184158654,9.938649599989532,0.10416666666666667,1.0,0.18867924528301885,0.0,35.0,0.0,6.0,31.0,66.96294252784173
4. Load Profile (With Solar) Mi2,10,enhanced_peak_priority,106.06915025748778,138.64416191985396,34.92579083494177,10.380490575079849,11.071646809571378,12.18668435119974,13.299200184158654,9.938649599989532,0.4,0.8,0.5333333333333333,1.0,7.0,0.0,10.0,31.0,66.96294252784173
4. Load Profile (With Solar) Mi2,10,ridge_only,134.42956760933177,162.86389727042345,40.074636274755065,13.155991692148197,13.767890950765537,15.120695514576388,15.622436189009445,11.674831345550068,0.2,0.2,0.20000000000000004,4.0,4.0,0.0,15.0,32.0,41.74149263974755
4. Load Profile (With Solar) Mi2,10,seasonal,118.91041666666665,155.22833249227838,81.53541666666662,11.63720512977348,11.365800694584475,12.431290475555544,14.890007912928382,11.127479031704544,0.2,0.2,0.20000000000000004,4.0,4.0,0.0,19.0,31.0,51.59999999999991
